CID,Type,Impact,First Detected,Severity,Component,File,Function,1. ABK_Code_Type,2. ABK_Classification,ABK_Tags,3. ABK_Initial_Triaged,ABK_AutoTriage,Checker,CWE,Comparison,Issue Kind,Last Snapshot Stream,Line Number
14650,Out-of-bounds access,High,02/13/24,Critical,Other,/code/src/lui/LUI_CoD_Weapon.cpp,ClientWeapon_UseWeaponCutout,Production,False Positive,OVERRUN,,,OVERRUN,119,Absent,Various,ATVI-CoD-trunk,776
14704,Out-of-bounds access,High,02/13/24,Critical,Other,/code/src/game_iw9/cgame/cg_weapons.cpp,CG_Weapons_Init,Production,False Positive,OVERRUN,,,OVERRUN,119,Absent,Various,ATVI-CoD-trunk,2919
14706,Out-of-bounds access,High,02/13/24,Critical,Other,/code/src/lui/LUI_CoD_Weapon.cpp,ClientWeapon_SetWeaponHideDanglyBits,Production,False Positive,OVERRUN,,,OVERRUN,119,Absent,Various,ATVI-CoD-trunk,878
14712,Out-of-bounds read,High,02/13/24,Critical,Other,/code/src/game_iw9/cgame_mp/cg_snapshot_mp.cpp,CG_SnapshotMP_UpdateScore,Production,Suspicious,OVERRUN,,false,OVERRUN,125,Absent,Various,ATVI-CoD-trunk,5043
14735,Out-of-bounds access,High,02/13/24,Critical,Other,/code/src/game_iw9/cgame/cg_pose.cpp,CG_Pose_DoControllers,Production,Not Exploitable,OVERRUN,2025-04-07,,OVERRUN,119,Absent,Various,ATVI-CoD-trunk,581
14739,Incorrect sizeof expression,Medium,02/13/24,Critical,Other,/code/src/WaterDynamics/WaterDynamics.cpp,WaterDynamics_WriteInstances,Production,Suspicious,other,,,BAD_SIZEOF,467,Absent,Various,ATVI-CoD-trunk,498
14768,Out-of-bounds read,High,02/13/24,Critical,Other,/code/external/Havok/hk2021_1_0_r1/Source/Common/Base/Math/Matrix/hkMatrix3.inl,setColumn,Third Party/Open Source,Unclassified,OVERRUN,,,OVERRUN,125,Absent,Various,ATVI-CoD-trunk,Various
14813,Out-of-bounds access,High,02/13/24,Critical,Other,/code/src/dynentity/DynEntity_client.cpp,DynEntCl_InitEntities,Production,False Positive,OVERRUN,,,OVERRUN,119,Absent,Various,ATVI-CoD-trunk,1376
14815,Out-of-bounds access,High,02/13/24,Critical,Other,/code/src/gfx/r_rendercmds.cpp,R_AddCmdDrawLines,Production,Not Exploitable,"OVERRUN,graphicsCode",2025-09-08,false,OVERRUN,119,Absent,Various,ATVI-CoD-trunk,8566
14828,Out-of-bounds read,High,02/13/24,Critical,Other,/code/src/universal/curve.cpp,GetPosition,Production,Not Exploitable,"OVERRUN,obo",2025-04-11,,OVERRUN,125,Absent,Various,ATVI-CoD-trunk,Various
14847,Out-of-bounds read,High,02/13/24,Critical,Other,/code/src/universal/dvar.cpp,Dvar_RegisterNew,Production,False Positive,errorChecking,,,OVERRUN,125,Absent,Various,ATVI-CoD-trunk,4227
14956,Out-of-bounds access,High,02/13/24,Critical,Other,/code/src/lui/LUI_CoD_Weapon.cpp,ClientWeapon_GetWeaponOffset,Production,False Positive,OVERRUN,,,OVERRUN,119,Absent,Various,ATVI-CoD-trunk,148
14957,Out-of-bounds read,High,02/13/24,Critical,Other,/code/src/game_iw9/game/g_objectives.cpp,G_Objectives_GetObjectiveIndexFromPSIndex,Production,Suspicious,"OVERRUN,obo",2025-04-09,,OVERRUN,125,Absent,Various,ATVI-CoD-trunk,796
15027,Out-of-bounds access,High,02/13/24,Critical,Other,/code/src/game_iw9/cgame/cg_event.cpp,CG_Entity_AddSwimEvent,Production,False Positive,OVERRUN,2025-04-07,,OVERRUN,119,Absent,Various,ATVI-CoD-trunk,Various
15037,Out-of-bounds access,High,02/13/24,Critical,Other,/code/src/online/online_friends_crossplay.cpp,AddFriendCallback,Production,Suspicious,OVERRUN,,,OVERRUN,119,Absent,Various,ATVI-CoD-trunk,954
15071,Copy into fixed size buffer,Low,02/13/24,Critical,Other,/code/src/los_precompute/los_precompute_system.cpp,LoadDynamicPathNodeDeclarationFile,Production,Suspicious,other,,,STRING_OVERFLOW,120,Absent,Various,ATVI-CoD-trunk,169
15101,Out-of-bounds write,High,02/13/24,Critical,Other,/code/src/game_shared/bgame/vehicles/bg_vehicle_elm_collection.inl,AddElement,Production,Suspicious,OVERRUN,2024-12-12,,OVERRUN,119,Absent,Various,ATVI-CoD-trunk,25
15105,Out-of-bounds access,High,02/13/24,Critical,Other,/vendor/visual_studio/17.14.36119.2/windows_kits/10/Include/10.0.26100.0/ucrt/stdio.h,_vsprintf_l,Third Party/Open Source,Unclassified,OVERRUN,,,OVERRUN,119,Absent,Various,ATVI-CoD-trunk,Various
15127,Out-of-bounds access,High,02/13/24,Critical,Other,/code/src/physics/Private/Core/PhysicsRT_Volume.cpp,CG_PhysicsVolume_Init,Production,Not Exploitable,cov_sus,2025-04-07,,OVERRUN,119,Absent,Various,ATVI-CoD-trunk,141
15131,Out-of-bounds access,High,02/13/24,Critical,Other,/code/src/xanim/proceduralbones/proceduralbones_allocator.cpp,XAnimProceduralBonesAllocator_AllocateInstance,Production,Suspicious,"OVERRUN,graphicsCode",2024-12-12,,OVERRUN,119,Absent,Various,ATVI-CoD-trunk,Various
15143,Out-of-bounds read,High,02/13/24,Critical,Other,/code/src/database/db_binarypatch_load.cpp,DB_BinaryPatch_BeginLoad,Production,Suspicious,OVERRUN,2025-04-09,,OVERRUN,125,Absent,Various,ATVI-CoD-trunk,600
15197,Out-of-bounds read,High,02/13/24,Critical,Other,/code/external/Havok/hk2021_1_0_r1/Source/Common/Base/Math/Matrix/hkMatrix4f.inl,setColumn,Third Party/Open Source,Unclassified,OVERRUN,,,OVERRUN,125,Absent,Various,ATVI-CoD-trunk,39
15345,Out-of-bounds access,High,02/13/24,Critical,Other,/code/src/lui/LUI_CoD_Weapon.cpp,ClientWeapon_SetWeaponRotationCenter,Production,False Positive,OVERRUN,,,OVERRUN,119,Absent,Various,ATVI-CoD-trunk,603
15359,Illegal address computation,High,02/13/24,Critical,Other,/code/external/Havok/hk2021_1_0_r1/Source/Common/Base/Math/Matrix/hkMatrix3.inl,getColumn,Third Party/Open Source,Unclassified,OVERRUN,,,OVERRUN,119,Absent,Various,ATVI-CoD-trunk,32
15496,Out-of-bounds read,High,02/13/24,Critical,Other,/code/src/stream/stream_defrag.cpp,Command_MaxPageCount,Production,Suspicious,OVERRUN,2025-04-09,,OVERRUN,125,Absent,Various,ATVI-CoD-trunk,978
15518,Out-of-bounds access,High,02/13/24,Critical,Other,/code/common/libs/SuperTerrainCore/SuperTerrainCore/SuperTerrainDefines.h,R_ST_IterateLayerMask,Production,Suspicious,OVERRUN,2025-04-08,,OVERRUN,119,Absent,Various,ATVI-CoD-trunk,217
15626,Untrusted value as argument,Medium,02/13/24,Critical,Other,/code/src/game_iw9/game_mp/g_player_events_mp.cpp,GameSwitchOffhandPullbackEvent,Production,Suspicious,downcasting,,,TAINTED_SCALAR,20,Absent,Various,ATVI-CoD-trunk,1431
15686,Out-of-bounds access,High,02/13/24,Critical,Other,/code/src/game_iw9/bgame/bg_weapons.cpp,BG_Offhand_IsGestureInterruptable,Production,False Positive,OVERRUN,2025-04-07,,OVERRUN,119,Absent,Various,ATVI-CoD-trunk,23546
15743,Out-of-bounds access,High,02/13/24,Critical,Other,/code/src/lui/LUI_CoD_Weapon.cpp,ClientWeapon_SetWeaponAllowDefault,Production,False Positive,OVERRUN,,,OVERRUN,119,Absent,Various,ATVI-CoD-trunk,844
15770,Out-of-bounds read,High,02/13/24,Critical,Other,/code/src/gfx/r_water.cpp,R_Water_Tile_SubmitMeshPatches,Production,Not Exploitable,"OVERRUN,graphicsCode",2025-04-11,,OVERRUN,125,Absent,Various,ATVI-CoD-trunk,8114
15812,Out-of-bounds access,High,02/13/24,Critical,Other,/code/src/snd/sd_output_libad.cpp,SD_AD_TerminateThread,Production,Suspicious,OVERRUN,2025-04-08,,OVERRUN,119,Absent,Various,ATVI-CoD-trunk,1790
15830,Out-of-bounds access,High,02/13/24,Critical,Other,/code/src/game_iw9/cgame/cg_player_use_local.cpp,CG_UsableWorld_Clear,Production,Not Exploitable,cov_sus,2025-04-07,,OVERRUN,119,Absent,Various,ATVI-CoD-trunk,124
15837,Out-of-bounds write,High,02/13/24,Critical,Other,/code/src/memory/mem_paged.cpp,Mem_Paged_AddPageUnmapToBatchContext,Production,Suspicious,OVERRUN,2025-04-14,,OVERRUN,119,Absent,Various,ATVI-CoD-trunk,4175
15928,Out-of-bounds access,High,02/13/24,Critical,Other,/code/src/lui/LUI_CoD_Weapon.cpp,ClientWeapon_SetWeaponRotationGoal,Production,False Positive,OVERRUN,,,OVERRUN,119,Absent,Various,ATVI-CoD-trunk,562
15979,Out-of-bounds access,High,02/13/24,Critical,Other,/code/src/client/cl_input.cpp,CL_Input_ClearKeys,Production,Not Exploitable,cov_sus,2025-04-07,,OVERRUN,119,Absent,Various,ATVI-CoD-trunk,6681
16026,Out-of-bounds access,High,02/13/24,Critical,Other,/code/src/gfx/r_decal_volume_model.cpp,R_DecalVolumesGrid_AddTo1x1Grid,Production,False Positive,"OVERRUN,graphicsCode",,,OVERRUN,119,Absent,Various,ATVI-CoD-trunk,1275
16046,Out-of-bounds access,High,02/13/24,Critical,Other,/code/src/client/cl_ui_streaming.cpp,CL_UIStreaming_UpdateClientRequestCount,Production,False Positive,OVERRUN,2025-04-14,,OVERRUN,119,Absent,Various,ATVI-CoD-trunk,2099
16151,Out-of-bounds read,High,02/13/24,Critical,Other,/code/src/game_shared/cgame/cg_visionsets.cpp,CG_VisionSetLerpAssetBlendSet,Production,False Positive,fp logic,2025-04-09,,OVERRUN,125,Absent,Various,ATVI-CoD-trunk,1517
16160,Out-of-bounds access,High,02/13/24,Critical,Other,/code/src/game_shared/bgame/vehicles/bg_vehicle_physics_manager.inl,GetElementById,Production,Suspicious,"OVERRUN,physicsCode",2025-03-27,,OVERRUN,119,Absent,Various,ATVI-CoD-trunk,Various
16182,Out-of-bounds read,High,02/13/24,Critical,Other,/code/src/gfx/r_init.cpp,R_SystemsShutdown,Production,Suspicious,"OVERRUN,graphicsCode",2025-04-14,,OVERRUN,125,Absent,Various,ATVI-CoD-trunk,1761
16333,Out-of-bounds access,High,02/13/24,Critical,Other,/code/src/universal/jqprof.cpp,jqprof_iterate_samples,Production,False Positive,cov_logic_error,2025-04-14,,OVERRUN,119,Absent,Various,ATVI-CoD-trunk,Various
16387,Out-of-bounds access,High,02/13/24,Critical,Other,/code/common/libs/PhysicsCore/PhysicsCore/Havok/HavokPhysicsCollisionQueryDispatchers.cpp,castShapeConvexFirstPass,Third Party/Open Source,Unclassified,"OVERRUN,physicsCode",,,OVERRUN,119,Absent,Various,ATVI-CoD-trunk,1092
16452,Out-of-bounds read,High,02/13/24,Critical,Other,/code/src/snd/sd_output_libad.cpp,SD_AD_ThreadFunc,Production,Suspicious,OVERRUN,2025-04-09,,OVERRUN,125,Absent,Various,ATVI-CoD-trunk,1748
16647,Out-of-bounds access,High,02/13/24,Critical,Other,/code/src/lui/LUI_CoD_Weapon.cpp,ClientWeapon_SetWeaponIsViewModel,Production,False Positive,OVERRUN,,,OVERRUN,119,Absent,Various,ATVI-CoD-trunk,810
16765,Out-of-bounds write,High,02/13/24,Critical,Other,/code/src/game_shared/cgame/vehicles/cg_vehicle_treads.cpp,TreadBoneAnimCreate,Production,Suspicious,OVERRUN,2025-04-15,,OVERRUN,119,Absent,Various,ATVI-CoD-trunk,228
16769,Out-of-bounds access,High,02/13/24,Critical,Other,/code/src/xanim/proceduralbones/proceduralbones_allocator.cpp,XAnimProceduralBonesAllocator_GetInstance,Production,Suspicious,"OVERRUN,graphicsCode",2025-03-22,,OVERRUN,119,Absent,Various,ATVI-CoD-trunk,715
16811,Out-of-bounds write,High,02/13/24,Critical,Other,/code/src/game_shared/bgame/vehicles/bg_vehicle_elm_collection.inl,AddElement,Production,Suspicious,OVERRUN,2024-12-12,,OVERRUN,119,Absent,Various,ATVI-CoD-trunk,25
16851,Out-of-bounds access,High,02/13/24,Critical,Other,/code/src/game_iw9/cgame/Cloth/CG_Cloth_Entity.cpp,CG_Cloth_Entity_Init,Production,Not Exploitable,cov_sus,2025-04-07,,OVERRUN,119,Absent,Various,ATVI-CoD-trunk,81
16881,Out-of-bounds read,High,02/13/24,Critical,Other,/code/src/snd/sd_output_libad.cpp,SD_AD_ThreadFunc,Production,Suspicious,OVERRUN,2025-04-09,,OVERRUN,125,Absent,Various,ATVI-CoD-trunk,1747
16886,Out-of-bounds access,High,02/13/24,Critical,Other,/code/src/online/online_battlepass.cpp,Reset,Production,Not Exploitable,cov_sus,2025-04-07,,OVERRUN,119,Absent,Various,ATVI-CoD-trunk,1611
16908,Out-of-bounds read,High,02/13/24,Critical,Other,/code/src/gfx/r_dpvs.cpp,R_AdditionalCullingObjectWeather,Production,Suspicious,"OVERRUN,graphicsCode",2025-04-15,,OVERRUN,125,Absent,Various,ATVI-CoD-trunk,1048
16915,Out-of-bounds read,High,02/13/24,Critical,Other,/code/src/game_iw9/game/ai/ai_scripted_coordinator.cpp,RecordAdvanceOnEnemy,Production,Suspicious,getindex,2025-04-14,,OVERRUN,125,Absent,Various,ATVI-CoD-trunk,3277
16992,Illegal address computation,High,02/13/24,Critical,Other,/code/external/Havok/hk2021_1_0_r1/Source/Common/Base/Math/Matrix/hkMatrix4f.inl,getColumn,Third Party/Open Source,Unclassified,OVERRUN,,,OVERRUN,119,Absent,Various,ATVI-CoD-trunk,Various
17012,Untrusted pointer read,Medium,02/13/24,Critical,Other,/code/external/ctgs/qqtech/ac_windows/ac_windows_kernel32.h,ac_LoadLibraryA,Third Party/Open Source,Suspicious,downcasting,,,TAINTED_SCALAR,129,Absent,Various,ATVI-CoD-trunk,Various
17130,Out-of-bounds access,High,02/13/24,Critical,Other,/code/src/game_iw9/game_sp/g_pip_sp.cpp,G_PIP_Write,Production,False Positive,OVERRUN,,,OVERRUN,119,Absent,Various,ATVI-CoD-trunk,1136
17135,Untrusted loop bound,Medium,02/13/24,Critical,Other,/code/external/ctgs/qqtech/ac_modules/ac_PEFile.h,PEFile,Third Party/Open Source,Suspicious,downcasting,,,TAINTED_SCALAR,606,Absent,Various,ATVI-CoD-trunk,932
17265,Out-of-bounds access,High,02/13/24,Critical,Other,/code/src/game_iw9/game_sp/actor.cpp,HideRocketLauncherProjectile,Production,False Positive,AI,2024-12-05,,OVERRUN,119,Absent,Various,ATVI-CoD-trunk,2965
17430,Out-of-bounds access,High,02/13/24,Critical,Other,/code/src/mapVoxelizedState/MapVoxelizedState.cpp,MapVoxelizedState_ReadChanges,Production,Suspicious,OVERRUN,2025-04-08,,OVERRUN,119,Absent,Various,ATVI-CoD-trunk,829
17437,Out-of-bounds access,High,02/13/24,Critical,Other,/code/src/lui/LUI_CoD_Weapon.cpp,ClientWeapon_GetWeaponEntityNum,Production,False Positive,OVERRUN,,,OVERRUN,119,Absent,Various,ATVI-CoD-trunk,949
17447,Out-of-bounds access,High,02/13/24,Critical,Other,/code/src/game_shared/cgame_mp/esports/cg_esports_codcaster_cameras.cpp,SetFreeCamPose,Production,Not Exploitable,oba,2025-04-07,,OVERRUN,119,Absent,Various,ATVI-CoD-trunk,569
17518,Untrusted loop bound,Medium,02/13/24,Critical,Other,/code/src/win32/win_main.cpp,Sys_InitPhysicalDiskSectorSize,Production,Suspicious,downcasting,,,TAINTED_SCALAR,606,Absent,Various,ATVI-CoD-trunk,485
17524,Out-of-bounds write,High,02/13/24,Critical,Other,/code/src/game_iw9/bgame_mp/bg_transients_infil_mp.cpp,BG_TransientsMP_AddInfilTransient,Production,False Positive,errorChecking,,,OVERRUN,119,Absent,Various,ATVI-CoD-trunk,89
17615,Out-of-bounds read,High,02/13/24,Critical,Other,/code/src/gfx/r_amd.cpp,R_AMD_CreateDevice,Production,Suspicious,"OVERRUN,graphicsCode",2025-04-09,,OVERRUN,125,Absent,Various,ATVI-CoD-trunk,Various
17677,Out-of-bounds access,High,02/13/24,Critical,Other,/code/src/lui/LUI_CoD_Functions.cpp,Engine_GetCustomButton,Production,Not Exploitable,OVERRUN,2025-08-20,true_verified_corrected,OVERRUN,119,Absent,Various,ATVI-CoD-trunk,7749
17758,Out-of-bounds read,High,02/13/24,Critical,Other,/code/src/lui/LUI.cpp,LUIElement_SetupRenderTarget,Production,False Positive,OVERRUN,,,OVERRUN,125,Absent,Various,ATVI-CoD-trunk,12143
17768,Illegal address computation,High,02/13/24,Critical,Other,/code/src/qcommon/net_endpoint.cpp,GetChannelSlot,Production,Suspicious,index_overrun,2025-04-15,,OVERRUN,119,Absent,Various,ATVI-CoD-trunk,615
17856,Buffer not null terminated,High,02/13/24,Critical,Other,/code/src/game_iw9/bgame/bg_matchrules_history.cpp,BG_MatchRulesHistory_WriteRecipeAsync,Production,Suspicious,other,,false,BUFFER_SIZE,170,Absent,Quality,ATVI-CoD-trunk,1440
17900,Out-of-bounds access,High,02/13/24,Critical,Other,/code/src/gfx/r_water.cpp,R_Water_Tile_SubmitMeshPatches,Production,Suspicious,"OVERRUN,graphicsCode",2025-04-09,,OVERRUN,119,Absent,Various,ATVI-CoD-trunk,8124
17934,Out-of-bounds access,High,02/13/24,Critical,Other,/code/src/lui/LUI_CoD_Weapon.cpp,ClientWeapon_SetWeaponRotation,Production,False Positive,OVERRUN,,,OVERRUN,119,Absent,Various,ATVI-CoD-trunk,Various
18014,Out-of-bounds read,High,02/13/24,Critical,Other,/code/src/game_shared/cgame/cg_visionsets.cpp,CG_VisionSetLerpAssetBlendSet,Production,False Positive,fp logic,2025-04-09,false,OVERRUN,125,Absent,Various,ATVI-CoD-trunk,1516
18047,Out-of-bounds access,High,02/13/24,Critical,Other,/code/src/game_iw9/cgame_mp/cg_main_mp.cpp,CG_MainMP_Init,Production,Not Exploitable,cov_sus,2025-04-07,,OVERRUN,119,Absent,Various,ATVI-CoD-trunk,2018
18094,Out-of-bounds write,High,02/13/24,Critical,Other,/code/src/universal/com_parse.cpp,Com_ParseExt,Production,Not Exploitable,"OVERRUN,obo",,,OVERRUN,119,Absent,Various,ATVI-CoD-trunk,920
18162,Out-of-bounds access,High,02/13/24,Critical,Other,/code/src/game_iw9/cgame/cg_frontend_scene.cpp,CG_FrontEndScene_UpdateRequiredTransients,Production,Suspicious,OVERRUN,2025-04-14,,OVERRUN,119,Absent,Various,ATVI-CoD-trunk,Various
18226,Out-of-bounds access,High,02/13/24,Critical,Other,/code/src/universal/com_files_wrapper_ms.h,FileWrapper_Write,Production,Not Exploitable,cov_sus,2025-04-07,,OVERRUN,119,Absent,Various,ATVI-CoD-trunk,462
18355,Out-of-bounds access,High,02/13/24,Critical,Other,/code/src/client/cl_player_data.cpp,CL_PlayerData_GetCustomization,Production,Not Exploitable,cov_sus,2025-04-07,,OVERRUN,119,Absent,Various,ATVI-CoD-trunk,1067
18388,Out-of-bounds access,High,02/13/24,Critical,Other,/vendor/visual_studio/17.14.36119.2/VC/Tools/MSVC/14.44.35207/include/xlocnum,do_put,Third Party/Open Source,Unclassified,OVERRUN,,,OVERRUN,119,Absent,Various,ATVI-CoD-trunk,1375
18411,String not null terminated,High,02/13/24,Critical,Other,/code/src/online/online_friends_crossplay.cpp,CheckMessageProfanityComplete,Production,Suspicious,other,,,STRING_NULL,170,Absent,Various,ATVI-CoD-trunk,1845
18433,Out-of-bounds write,High,02/13/24,Critical,Other,/code/src/memory/mem_paged.cpp,Mem_Paged_AddPageMapToBatchContext,Production,False Positive,OVERRUN,,,OVERRUN,119,Absent,Various,ATVI-CoD-trunk,4092
18518,Out-of-bounds read,High,02/13/24,Critical,Other,/code/src/universal/string_util.cpp,IWString_ParseFloat64,Production,False Positive,OVERRUN,,,OVERRUN,125,Absent,Various,ATVI-CoD-trunk,1352
18552,Untrusted loop bound,Medium,02/13/24,Critical,Other,/code/external/ctgs/qqtech/ac_modules/ac_PEModule.h,getProcAddressApiSet,Third Party/Open Source,Suspicious,downcasting,,,TAINTED_SCALAR,606,Absent,Various,ATVI-CoD-trunk,Various
18623,Out-of-bounds access,High,02/13/24,Critical,Other,/code/src/universal/com_files_wrapper_ms.h,FileWrapper_Read,Production,Not Exploitable,cov_sus,2025-04-07,,OVERRUN,119,Absent,Various,ATVI-CoD-trunk,433
18863,Out-of-bounds access,High,02/13/24,Critical,Other,/code/common/libs/PhysicsCore/PhysicsCore/Havok/HavokPhysicsCollisionQueryDispatchers.cpp,convexVsConvex,Third Party/Open Source,Unclassified,"OVERRUN,physicsCode",,,OVERRUN,119,Absent,Various,ATVI-CoD-trunk,431
18878,Out-of-bounds read,High,02/13/24,Critical,Other,/code/src/client_mp/partyhost.cpp,PartyHost_AssignSquad,Production,Suspicious,"OVERRUN,obo",2025-04-09,,OVERRUN,125,Absent,Various,ATVI-CoD-trunk,Various
18940,Out-of-bounds write,High,02/13/24,Critical,Other,/code/src/lui/LUI_DataModel.cpp,LUI_Model_MarkAsDirty,Production,False Positive,errorChecking,,,OVERRUN,119,Absent,Various,ATVI-CoD-trunk,932
19026,Out-of-bounds read,High,02/13/24,Critical,Other,/code/src/qcommon/com_fastfile_zonelist.h,Add,Production,Suspicious,OVERRUN,2025-04-09,,OVERRUN,125,Absent,Various,ATVI-CoD-trunk,164
19036,Out-of-bounds access,High,02/13/24,Critical,Other,/code/src/game_iw9/game/g_combat.cpp,G_Combat_RadiusEffectsEnt,Production,Suspicious,"OVERRUN,obo",2025-04-09,,OVERRUN,119,Absent,Various,ATVI-CoD-trunk,Various
19058,Untrusted pointer read,Medium,02/13/24,Critical,Other,/code/external/ctgs/qqtech/ac_modules/ac_PEFile.h,getProcAddress,Third Party/Open Source,Suspicious,downcasting,,,TAINTED_SCALAR,129,Absent,Various,ATVI-CoD-trunk,Various
19167,Out-of-bounds read,High,02/13/24,Critical,Other,/code/src/database/db_binarypatch_load.cpp,DB_BinaryPatch_BeginLoad,Production,Suspicious,OVERRUN,2025-04-09,,OVERRUN,125,Absent,Various,ATVI-CoD-trunk,602
19188,Incorrect sizeof expression,Medium,02/13/24,Critical,Other,/code/src/WaterDynamics/WaterDynamics.cpp,WaterDynamics_LoadInstances,Production,Suspicious,other,,,BAD_SIZEOF,467,Absent,Various,ATVI-CoD-trunk,526
19309,Out-of-bounds read,High,02/13/24,Critical,Other,/code/common/libs/GlassCore/GlassCore/glass_crack_shard.cpp,Glass_AreaX2AndScaledCentroidForEdgeLoop,Production,Suspicious,OVERRUN,,,OVERRUN,125,Absent,Various,ATVI-CoD-trunk,Various
19334,Out-of-bounds access,High,02/13/24,Critical,Other,/code/src/lui/LUI_CoD_Weapon.cpp,ClientWeapon_SetWeaponIsWristwatch,Production,False Positive,OVERRUN,,,OVERRUN,119,Absent,Various,ATVI-CoD-trunk,117
19354,Out-of-bounds access,High,02/13/24,Critical,Other,/code/src/lui/LUI_CoD_Weapon.cpp,ClientWeapon_SetWeaponCollisionPlaneEnabled,Production,False Positive,OVERRUN,,,OVERRUN,119,Absent,Various,ATVI-CoD-trunk,984
19389,Out-of-bounds write,High,02/13/24,Critical,Other,/code/common/libs/MathCore/MathCore/math_ops.cpp,MatrixInverse44Safe,Production,Suspicious,OVERRUN,,,OVERRUN,119,Absent,Various,ATVI-CoD-trunk,7783
19457,String not null terminated,High,02/13/24,Critical,Other,/code/src/online/live_common.cpp,Live_CheckIfShouldStartAutoLogin,Production,Suspicious,other,,,STRING_NULL,170,Absent,Various,ATVI-CoD-trunk,Various
19464,Out-of-bounds access,High,02/13/24,Critical,Other,/code/src/xanim/proceduralbones/proceduralbones_allocator.cpp,XAnimProceduralBonesAllocator_DestroyHandle,Production,Suspicious,"OVERRUN,graphicsCode",2024-12-12,,OVERRUN,119,Absent,Various,ATVI-CoD-trunk,Various
19586,Out-of-bounds access,High,02/13/24,Critical,Other,/code/src/snd/sd_output_libad.cpp,SD_AD_SpawnThread,Production,Suspicious,OVERRUN,2025-04-08,,OVERRUN,119,Absent,Various,ATVI-CoD-trunk,1779
19644,Out-of-bounds read,High,02/13/24,Critical,Other,/code/src/dw/dwEnvironment.cpp,dwGetEnvironmentName,Production,Suspicious,OVERRUN,2025-04-14,,OVERRUN,125,Absent,Various,ATVI-CoD-trunk,831
19675,Out-of-bounds access,High,02/13/24,Critical,Other,/code/src/gfx/r_state_utils.cpp,R_InitCmdBufState,Production,Not Exploitable,oba,2025-04-07,,OVERRUN,119,Absent,Various,ATVI-CoD-trunk,331
19751,Out-of-bounds read,High,02/13/24,Critical,Other,/code/src/game_iw9/bgame/bg_animstate.cpp,BG_AnimationState_GetAnimsetByIndex,Production,Suspicious,"OVERRUN,graphicsCode",2025-04-09,,OVERRUN,125,Absent,Various,ATVI-CoD-trunk,160
19763,Out-of-bounds access,High,02/13/24,Critical,Other,/code/src/gfx/r_decal_volume_model.cpp,R_DecalVolumesGrid_AddToGridRecurse,Production,False Positive,"OVERRUN,graphicsCode",,,OVERRUN,119,Absent,Various,ATVI-CoD-trunk,1114
19771,Copy into fixed size buffer,Low,02/13/24,Critical,Other,/code/src/qcommon/com_storage.cpp,Com_DDL_ReadOnlyFromText,Production,Suspicious,other,,,STRING_OVERFLOW,120,Absent,Various,ATVI-CoD-trunk,3362
19775,Out-of-bounds read,High,02/13/24,Critical,Other,/code/src/game_shared/bgame/vehicles/bg_vehicle_physics_helicopter.cpp,GetBladeDeflectionForRotorIndex,Production,Suspicious,"OVERRUN,physicsCode",2025-04-09,,OVERRUN,125,Absent,Various,ATVI-CoD-trunk,Various
19983,Destination buffer too small,High,02/13/24,Critical,Other,/code/src/crashreport/pc/crashreport_pc_buffer_overrun_support.cpp,TriggerBufferOverrunException,Test,Not Exploitable,,,,STRING_OVERFLOW,120,Absent,Various,ATVI-CoD-trunk,69
19991,Out-of-bounds access,High,02/13/24,Critical,Other,/code/src/dynentity/DynEntity_client.cpp,DynEntCl_InitEntities,Production,Not Exploitable,cov_sus,2025-04-07,,OVERRUN,119,Absent,Various,ATVI-CoD-trunk,1377
20113,Out-of-bounds access,High,02/13/24,Critical,Other,/code/common/libs/PhysicsCore/PhysicsCore/Havok/HavokPhysicsHitCollectors.cpp,HavokPhysics_ProcessClosestPointsCvxCvx,Third Party/Open Source,Unclassified,"OVERRUN,physicsCode",,,OVERRUN,119,Absent,Various,ATVI-CoD-trunk,60
20123,Out-of-bounds write,High,02/13/24,Critical,Other,/code/src/game_iw9/cgame_mp/cg_servercmds_mp.cpp,CG_ServerCmdMP_ParseHudSplashCommand,Production,False Positive,errorChecking,,,OVERRUN,119,Absent,Various,ATVI-CoD-trunk,1734
20189,Out-of-bounds access,High,02/13/24,Critical,Other,/code/src/online/online_battlepass.cpp,ResetTransactionQueueState,Production,Not Exploitable,cov_sus,2025-04-07,,OVERRUN,119,Absent,Various,ATVI-CoD-trunk,2540
20212,Out-of-bounds access,High,02/13/24,Critical,Other,/code/src/WaterDynamics/WaterDynamics_PhysicsBehavior.cpp,CalcSDFPoints,Production,Not Exploitable,"OVERRUN,physicsCode",2025-04-09,,OVERRUN,119,Absent,Various,ATVI-CoD-trunk,1809
20235,Out-of-bounds read,High,02/13/24,Critical,Other,/code/src/lui_mp/LUI_CoD_Game_MP.cpp,LUI_CoD_GameMP_GetBrColorForIndex,Production,False Positive,cov_logic_error,2025-04-15,,OVERRUN,125,Absent,Various,ATVI-CoD-trunk,364
20357,Out-of-bounds access,High,02/13/24,Critical,Other,/code/src/game_iw9/cgame/cg_compass.cpp,UpdateTacmapZoomAndPosition,Production,False Positive,OVERRUN,,,OVERRUN,119,Absent,Various,ATVI-CoD-trunk,1886
20382,Out-of-bounds write,High,02/13/24,Critical,Other,/code/src/physics/Private/Core/PhysicsRT_Volume.cpp,G_PhysicsVolume_AllocateRuntimeData,Production,False Positive,errorChecking,,,OVERRUN,119,Absent,Various,ATVI-CoD-trunk,Various
20439,Out-of-bounds access,High,02/13/24,Critical,Other,/code/src/lui/LUI_CoD_Weapon.cpp,ClientWeapon_SetWeaponOffset,Production,False Positive,OVERRUN,,,OVERRUN,119,Absent,Various,ATVI-CoD-trunk,194
20574,Out-of-bounds read,High,02/13/24,Critical,Other,/code/common/libs/MathCore/MathCore/math_ops.cpp,MatrixInverse44Safe,Production,False Positive,AI,2024-10-30,,OVERRUN,125,Absent,Various,ATVI-CoD-trunk,7762
20594,Illegal address computation,High,02/13/24,Critical,Other,/code/external/Havok/hk2021_1_0_r1/Source/Common/Base/Math/Matrix/hkMatrix3.inl,getColumn,Third Party/Open Source,Unclassified,OVERRUN,,,OVERRUN,119,Absent,Various,ATVI-CoD-trunk,25
20613,Out-of-bounds access,High,02/13/24,Critical,Other,/code/src/dw/dwLobbyEventHandler.h,onNotWhiteListed,Production,Suspicious,errorChecking,,,OVERRUN,119,Absent,Various,ATVI-CoD-trunk,Various
20765,Out-of-bounds write,High,02/13/24,Critical,Other,/code/src/crashreport/pc/crashreport_pc_buffer_overrun_support.cpp,TriggerBufferOverrunException,Test,Unclassified,,,,OVERRUN,119,Absent,Various,ATVI-CoD-trunk,69
20802,Out-of-bounds read,High,02/13/24,Critical,Other,/code/src/game_iw9/game/ai/bots/ai_bot.cpp,Bot_DifficultyFromString,Production,Suspicious,coding_error,2025-04-15,,OVERRUN,125,Absent,Various,ATVI-CoD-trunk,4645
20815,Out-of-bounds access,High,02/13/24,Critical,Other,/code/src/game_shared/bgame/vehicles/bg_vehicle_physics_manager.inl,GetElementById,Production,Suspicious,"OVERRUN,graphicsCode",2025-03-27,,OVERRUN,119,Absent,Various,ATVI-CoD-trunk,Various
20833,Out-of-bounds write,High,02/13/24,Critical,Other,/code/src/qcommon/com_fastfile_zonelist.h,AddFrom,Production,Suspicious,OVERRUN,2025-04-09,,OVERRUN,119,Absent,Various,ATVI-CoD-trunk,80
20836,Out-of-bounds read,High,02/13/24,Critical,Other,/code/src/xanim/xanim_trace.cpp,XAnimTrace_TryGetDeferredRaycastResult,Production,Suspicious,"OVERRUN,graphicsCode",2025-03-27,,OVERRUN,125,Absent,Various,ATVI-CoD-trunk,364
20851,Out-of-bounds access,High,02/13/24,Critical,Other,/code/src/game_iw9/cgame/cg_hang.cpp,CG_Hang_HandleEvent,Production,Suspicious,OVERRUN,2025-04-07,,OVERRUN,119,Absent,Various,ATVI-CoD-trunk,2087
20856,Out-of-bounds read,High,02/13/24,Critical,Other,/code/src/client/cl_transients_world.cpp,CL_TransientsWorld_UpdateAllVisibility,Production,Not Exploitable,OVERRUN,2025-04-15,,OVERRUN,125,Absent,Various,ATVI-CoD-trunk,Various
21021,Out-of-bounds access,High,02/13/24,Critical,Other,/code/src/lui/LUI_CoD_Weapon.cpp,ClientWeapon_SetWeaponVisible,Production,False Positive,OVERRUN,,,OVERRUN,119,Absent,Various,ATVI-CoD-trunk,666
21024,Out-of-bounds write,High,02/13/24,Critical,Other,/code/src/vfx/Particles/ParticleManager.h,Allocate,Production,Suspicious,"OVERRUN,graphicsCode",2024-11-05,,OVERRUN,119,Absent,Various,ATVI-CoD-trunk,351
21030,Out-of-bounds access,High,02/13/24,Critical,Other,/code/src/game_shared/bgame/vehicles/bg_vehicle_physics_manager.inl,GetElementById,Production,Suspicious,"OVERRUN,graphicsCode",2025-03-27,,OVERRUN,119,Absent,Various,ATVI-CoD-trunk,Various
21031,Out-of-bounds access,High,02/13/24,Critical,Other,/code/src/online/online_leagueplay.cpp,OnSignedOut,Production,Not Exploitable,cov_sus,2025-04-07,,OVERRUN,119,Absent,Various,ATVI-CoD-trunk,865
21050,Out-of-bounds write,High,02/13/24,Critical,Other,/code/src/qcommon/cmd.cpp,Cmd_RegisterNotification,Production,False Positive,errorChecking,,,OVERRUN,119,Absent,Various,ATVI-CoD-trunk,1366
21051,Untrusted value as argument,Medium,02/13/24,Critical,Other,/code/src/game_iw9/game_mp/g_player_events_mp.cpp,GameSwitchOffhandEvent,Production,Suspicious,downcasting,,,TAINTED_SCALAR,20,Absent,Various,ATVI-CoD-trunk,1420
21106,Out-of-bounds read,High,02/13/24,Critical,Other,/code/src/universal/memfile.cpp,MemFile_WriteDataInternal,Production,Suspicious,OVERRUN,2025-04-11,,OVERRUN,125,Absent,Various,ATVI-CoD-trunk,860
21151,Out-of-bounds access,High,02/13/24,Critical,Other,/code/src/gfx/r_decal_volume_model.cpp,R_DecalVolumesGrid_AddToGridBruteForce,Production,False Positive,"OVERRUN,graphicsCode",,,OVERRUN,119,Absent,Various,ATVI-CoD-trunk,1237
21162,Out-of-bounds access,High,02/13/24,Critical,Other,/code/src/dw/dwLobbyEventHandler.h,onPlayerBanned,Production,Suspicious,errorChecking,,,OVERRUN,119,Absent,Various,ATVI-CoD-trunk,Various
21186,Out-of-bounds write,High,02/13/24,Critical,Other,/code/src/game_iw9/bgame_mp/bg_transients_infil_mp.cpp,BG_TransientsMP_AddInfilTransient,Production,False Positive,errorChecking,,,OVERRUN,119,Absent,Various,ATVI-CoD-trunk,91
21555,Out-of-bounds access,High,03/29/24,Critical,Other,/code/src/gfx/r_universe.cpp,R_Universe_MergeWorldSurfaces,Production,False Positive,"OVERRUN,graphicsCode",2024-12-11,,OVERRUN,119,Absent,Various,ATVI-CoD-trunk,Various
21584,Out-of-bounds access,High,03/29/24,Critical,Other,/code/src/gfx/r_primarylights.cpp,R_PrimaryLights_InitAndUpdate,Production,False Positive,"OVERRUN,graphicsCode",2024-12-11,,OVERRUN,119,Absent,Various,ATVI-CoD-trunk,1415
21621,Out-of-bounds access,High,03/29/24,Critical,Other,/code/src/game_iw9/bgame/bg_animation_mp.cpp,BG_Player_SetPlayerInfo,Production,False Positive,"OVERRUN,graphicsCode",2024-12-05,,OVERRUN,119,Absent,Various,ATVI-CoD-trunk,Various
21631,Out-of-bounds access,High,03/29/24,Critical,Other,/code/src/gfx/r_universe.cpp,R_Universe_SetSeparatedVisDataAndMotionBitsCounts,Production,False Positive,"OVERRUN,graphicsCode",2024-12-11,,OVERRUN,119,Absent,Various,ATVI-CoD-trunk,2674
21635,Out-of-bounds access,High,03/29/24,Critical,Other,/code/src/game_iw9/game_sp/g_save_sp.cpp,G_SaveSP_WriteThreatBiasGroups,Production,False Positive,address not deref,2025-04-09,,OVERRUN,119,Absent,Various,ATVI-CoD-trunk,1729
21656,Out-of-bounds read,High,03/29/24,Critical,Other,/code/src/PatchCollision/PatchCollision_AreaSwap.cpp,PatchCollision_AreaSwap_GetShapeForLoad,Production,Suspicious,OVERRUN,2025-04-07,,OVERRUN,125,Absent,Various,ATVI-CoD-trunk,440
21670,Out-of-bounds access,High,03/29/24,Critical,Other,/code/src/physics/Private/Core/PhysicsRT_Vehicle.cpp,PhysicsRT_Vehicle_BuoyancyCast,Production,Suspicious,"OVERRUN,physicsCode",2025-04-08,,OVERRUN,119,Absent,Various,ATVI-CoD-trunk,Various
21672,Out-of-bounds access,High,03/29/24,Critical,Other,/code/src/game_iw9/cgame/cg_weapons.cpp,CG_Weapon_AddViewmodelHand,Production,Not Exploitable,,,,OVERRUN,119,Absent,Various,ATVI-CoD-trunk,21247
21673,Out-of-bounds access,High,03/29/24,Critical,Other,/code/src/game_iw9/game_sp/g_save_sp.cpp,G_SaveSP_WritePathNodes,Production,False Positive,address not deref,2025-04-09,,OVERRUN,119,Absent,Various,ATVI-CoD-trunk,1628
21716,Out-of-bounds access,High,03/29/24,Critical,Other,/code/src/gfx/r_universe.cpp,R_Universe_FixupWorldSurfaceIndexMapsForSeparation,Production,False Positive,"OVERRUN,graphicsCode",2024-12-11,,OVERRUN,119,Absent,Various,ATVI-CoD-trunk,5975
21854,Out-of-bounds access,High,03/29/24,Critical,Other,/code/src/gfx/r_universe.cpp,R_Universe_FixupWorldSurfaceIndexMapsForMerge,Production,False Positive,"OVERRUN,graphicsCode",2024-12-11,,OVERRUN,119,Absent,Various,ATVI-CoD-trunk,Various
21872,Out-of-bounds access,High,03/29/24,Critical,Other,/code/src/game_iw9/game_sp/g_turret_sp.cpp,G_TurretSP_SaveGame_Write,Production,False Positive,address not deref,2025-04-09,,OVERRUN,119,Absent,Various,ATVI-CoD-trunk,66
21933,Out-of-bounds access,High,03/29/24,Critical,Other,/code/src/gfx/r_universe.cpp,R_Universe_SetMergedArrayCounts,Production,False Positive,"OVERRUN,graphicsCode",2024-12-11,,OVERRUN,119,Absent,Various,ATVI-CoD-trunk,2239
21942,Out-of-bounds access,High,03/29/24,Critical,Other,/code/src/game_iw9/game_sp/g_save_sp.cpp,G_SaveSP_WriteBadPlaces,Production,False Positive,address not deref,2025-04-09,,OVERRUN,119,Absent,Various,ATVI-CoD-trunk,1708
21953,Out-of-bounds access,High,03/29/24,Critical,Other,/code/src/game_shared/bgame/vehicles/bg_vehicle_physics_manager.inl,GetElementIdByType,Production,Suspicious,"OVERRUN,graphicsCode",2025-04-09,,OVERRUN,119,Absent,Various,ATVI-CoD-trunk,Various
22033,Out-of-bounds access,High,03/29/24,Critical,Other,/code/src/physics/Private/Havok/HavokPhysicsRT_World.cpp,HavokPhysicsRT_InstantiateAssetBodySphere,Third Party/Open Source,Unclassified,"OVERRUN,physicsCode",,,OVERRUN,119,Absent,Various,ATVI-CoD-trunk,2073
22055,Out-of-bounds access,High,03/29/24,Critical,Other,/code/src/gfx/r_universe.cpp,R_Universe_MergeWorldPersistentDamageLayers,Production,False Positive,"OVERRUN,graphicsCode",2024-12-11,,OVERRUN,119,Absent,Various,ATVI-CoD-trunk,6880
22115,Out-of-bounds access,High,03/29/24,Critical,Other,/code/src/qcommon/com_map_ent_lookup.cpp,Com_FindReflectionProbeFromEntInstUUID,Production,False Positive,OVERRUN,2024-12-11,,OVERRUN,119,Absent,Various,ATVI-CoD-trunk,251
22121,Out-of-bounds access,High,03/29/24,Critical,Other,/code/src/gfx/r_universe.cpp,R_Universe_MergeWorldStaticModels,Production,False Positive,"OVERRUN,graphicsCode",2024-12-11,,OVERRUN,119,Absent,Various,ATVI-CoD-trunk,5630
22143,Out-of-bounds write,High,03/29/24,Critical,Other,/code/src/game_shared/bgame/common_item/bg_common_item.cpp,BG_CommonItem_GenerateFullWeaponStrings,Production,Suspicious,OVERRUN,2025-04-09,,OVERRUN,119,Absent,Various,ATVI-CoD-trunk,1108
22167,Out-of-bounds access,High,03/29/24,Critical,Other,/code/src/stream/stream_defrag.cpp,ResolveNewAddr,Production,Suspicious,OVERRUN,2025-04-08,,OVERRUN,119,Absent,Various,ATVI-CoD-trunk,Various
22169,Out-of-bounds access,High,03/29/24,Critical,Other,/code/src/game_iw9/cgame/cg_missile.cpp,UpdateCosmetics,Production,False Positive,OVERRUN,2024-12-04,,OVERRUN,119,Absent,Various,ATVI-CoD-trunk,1811
22177,Out-of-bounds access,High,03/29/24,Critical,Other,/code/src/game_iw9/game_sp/g_turret_sp.cpp,G_TurretSP_SaveGame_Read,Production,Suspicious,OVERRUN,2025-03-21,,OVERRUN,119,Absent,Various,ATVI-CoD-trunk,76
22183,Untrusted value as argument,Medium,03/29/24,Critical,Other,/code/src/server_mp/sv_snapshot_mp.cpp,SV_SnapshotMP_ResolveWeaponMap,Production,Suspicious,downcasting,,,TAINTED_SCALAR,20,Absent,Various,ATVI-CoD-trunk,4713
22207,Out-of-bounds access,High,03/29/24,Critical,Other,/code/src/lui_mp/LUI_CustomElement_NavBarHUD.cpp,LUIElement_CompassGetEntityToPlayerYaw,Production,False Positive,OVERRUN,2024-12-05,,OVERRUN,119,Absent,Various,ATVI-CoD-trunk,1355
22211,Out-of-bounds access,High,03/29/24,Critical,Other,/code/src/client_mp/partyclient.cpp,PartyClient_SendOurMemberInfo,Production,Not Exploitable,cov_sus,2025-04-07,,OVERRUN,119,Absent,Various,ATVI-CoD-trunk,3378
22293,Out-of-bounds access,High,03/29/24,Critical,Other,/code/src/client_mp/cl_editable_player_data.cpp,CL_EditablePlayerData_Reset,Production,False Positive,OVERRUN,2025-04-02,,OVERRUN,119,Absent,Various,ATVI-CoD-trunk,81
22304,Out-of-bounds access,High,03/29/24,Critical,Other,/code/src/game_iw9/cgame/cg_train.cpp,CG_Train_TryDoTrainPoseController,Production,False Positive,OVERRUN,2024-12-05,,OVERRUN,119,Absent,Various,ATVI-CoD-trunk,428
22310,Out-of-bounds access,High,03/29/24,Critical,Other,/code/src/game_iw9/cgame_mp/cg_ents_mp.cpp,CG_EntityMP_ScriptMover_ExclusionZoneFX,Production,False Positive,OVERRUN,2024-12-05,,OVERRUN,119,Absent,Various,ATVI-CoD-trunk,3136
22353,Out-of-bounds access,High,03/29/24,Critical,Other,/code/src/qcommon/com_map_ent_lookup.cpp,Com_FindMapEntLookupEntryFromEntInstUUID,Production,False Positive,OVERRUN,2024-12-11,,OVERRUN,119,Absent,Various,ATVI-CoD-trunk,30
22357,Out-of-bounds access,High,03/29/24,Critical,Other,/code/src/game_iw9/cgame/cg_weapons.cpp,CG_ReloadCheckpointGetBlendTime,Production,Suspicious,OVERRUN,2025-04-08,,OVERRUN,119,Absent,Various,ATVI-CoD-trunk,5467
22395,Out-of-bounds access,High,03/29/24,Critical,Other,/code/src/qcommon/net_thread.cpp,ProcessRequest,Production,Suspicious,OVERRUN,2025-04-09,,OVERRUN,119,Absent,Various,ATVI-CoD-trunk,Various
22488,Out-of-bounds access,High,03/29/24,Critical,Other,/code/src/gfx/r_universe.cpp,R_Universe_SetWorldBounds,Production,False Positive,"OVERRUN,graphicsCode",2024-12-11,,OVERRUN,119,Absent,Various,ATVI-CoD-trunk,Various
22491,Out-of-bounds access,High,03/29/24,Critical,Other,/code/src/gfx/r_universe.cpp,R_Universe_SetLightGridType,Production,False Positive,"OVERRUN,graphicsCode",2024-12-11,,OVERRUN,119,Absent,Various,ATVI-CoD-trunk,2766
22540,Out-of-bounds access,High,03/29/24,Critical,Other,/code/src/xanim/nodes/xanimnode_blendspace2d.cpp,XAnimBlendSpace2D_Update,Production,False Positive,"OVERRUN,graphicsCode",2025-03-27,,OVERRUN,119,Absent,Various,ATVI-CoD-trunk,1035
22543,Out-of-bounds read,High,03/29/24,Critical,Other,/code/src/gfx/r_scene.cpp,R_DynLightBSPNode_ComputeBounds,Production,Suspicious,"OVERRUN,graphicsCode",2025-04-09,,OVERRUN,125,Absent,Various,ATVI-CoD-trunk,12135
22582,Out-of-bounds access,High,03/29/24,Critical,Other,/code/src/stream/stream_update.cpp,Stream_UpdateSpatialSystems,Production,False Positive,OVERRUN,2024-12-11,,OVERRUN,119,Absent,Various,ATVI-CoD-trunk,3655
22641,Out-of-bounds read,High,03/29/24,Critical,Other,/code/src/gfx/r_scene.cpp,R_ProcessDynamicLightBSP_r,Production,Suspicious,"OVERRUN,graphicsCode",2025-04-09,,OVERRUN,125,Absent,Various,ATVI-CoD-trunk,Various
22645,Out-of-bounds access,High,03/29/24,Critical,Other,/code/src/game_iw9/cgame/cg_missile.cpp,ServerEntHandOff,Production,False Positive,OVERRUN,2024-12-04,,OVERRUN,119,Absent,Various,ATVI-CoD-trunk,1953
22665,Out-of-bounds access,High,03/29/24,Critical,Other,/code/src/dw/dwLobbyEventHandler.h,onConsoleBanned,Production,Suspicious,errorChecking,,,OVERRUN,119,Absent,Various,ATVI-CoD-trunk,Various
22709,Out-of-bounds access,High,03/29/24,Critical,Other,/code/src/physics/Private/Core/PhysicsRT_Ref.cpp,PhysicsRT_IsClientEntitylessScriptable,Production,Suspicious,"OVERRUN,physicsCode",2025-04-09,,OVERRUN,119,Absent,Various,ATVI-CoD-trunk,538
22768,Out-of-bounds write,High,03/29/24,Critical,Other,/code/src/PatchCollision/PatchCollision_AreaSwap.cpp,PatchCollision_AreaSwap_DestroyPhysicsInstances,Production,Suspicious,OVERRUN,2025-04-07,,OVERRUN,119,Absent,Various,ATVI-CoD-trunk,221
22790,Out-of-bounds access,High,03/29/24,Critical,Other,/code/src/gfx/r_collision.cpp,R_SphereLodSurfaceIndices,Production,False Positive,"OVERRUN,graphicsCode",2024-12-11,,OVERRUN,119,Absent,Various,ATVI-CoD-trunk,297
22792,Out-of-bounds read,High,03/29/24,Critical,Other,/code/src/snd/sd_mix_voice.cpp,SD_VoicePitchStereoEnv,Production,Suspicious,OVERRUN,2025-04-15,,OVERRUN,125,Absent,Various,ATVI-CoD-trunk,Various
22850,Out-of-bounds access,High,03/29/24,Critical,Other,/code/src/game_iw9/game/savefield.cpp,G_SaveField_ReadFieldCommon,Production,False Positive,OVERRUN,2025-04-08,,OVERRUN,119,Absent,Various,ATVI-CoD-trunk,629
22860,Out-of-bounds access,High,03/29/24,Critical,Other,/code/src/game_shared/bgame/vehicles/bg_vehicle_physics.cpp,PhysicsDestroyComponent,Production,Suspicious,"OVERRUN,physicsCode",2024-12-12,,OVERRUN,119,Absent,Various,ATVI-CoD-trunk,4581
22871,Out-of-bounds access,High,03/29/24,Critical,Other,/code/src/WaterDynamics/WaterDynamics_Physics.cpp,WaterDynamics_Physics_LockContextForWorld,Production,Suspicious,"OVERRUN,physicsCode",2025-04-08,,OVERRUN,119,Absent,Various,ATVI-CoD-trunk,207
22888,Out-of-bounds access,High,03/29/24,Critical,Other,/code/src/game_shared/bgame/vehicles/bg_vehicle_physics.cpp,PhysicsDestroyEffector,Production,Suspicious,"OVERRUN,physicsCode",2024-12-12,,OVERRUN,119,Absent,Various,ATVI-CoD-trunk,4599
22930,Out-of-bounds access,High,03/29/24,Critical,Other,/code/src/xanim/nodes/xanimnode_blendspace1d.cpp,XAnimBlendSpace1D_Update,Production,False Positive,"OVERRUN,graphicsCode",2025-03-27,,OVERRUN,119,Absent,Various,ATVI-CoD-trunk,550
22932,Out-of-bounds access,High,03/29/24,Critical,Other,/code/src/game_iw9/cgame/cg_weapons.cpp,CG_UpdateViewModelHidePartBits_EMP,Production,False Positive,OVERRUN,2024-12-04,,OVERRUN,119,Absent,Various,ATVI-CoD-trunk,Various
22977,Out-of-bounds access,High,03/29/24,Critical,Other,/code/src/game_iw9/game/linkto.cpp,G_GetBaseLinkViewAngles,Production,False Positive,OVERRUN,2024-12-04,,OVERRUN,119,Absent,Various,ATVI-CoD-trunk,1373
22980,Out-of-bounds access,High,03/29/24,Critical,Other,/code/src/game_iw9/cgame/cg_weapons.cpp,CG_ViewmodelShieldHitsProcess,Production,False Positive,OVERRUN,2025-03-28,,OVERRUN,119,Absent,Various,ATVI-CoD-trunk,36992
22996,Out-of-bounds access,High,03/29/24,Critical,Other,/code/src/physics/Private/Havok/HavokPhysicsRT_SVFX.cpp,HavokPhysicsRT_SVFX_Update,Third Party/Open Source,Unclassified,"OVERRUN,graphicsCode",,,OVERRUN,119,Absent,Various,ATVI-CoD-trunk,Various
23013,Out-of-bounds access,High,03/29/24,Critical,Other,/code/src/game_iw9/cgame_mp/cg_ents_mp.cpp,CG_EntityMP_TurretPlayerHeightTraceDown,Production,False Positive,OVERRUN,2024-12-05,,OVERRUN,119,Absent,Various,ATVI-CoD-trunk,1458
23029,Out-of-bounds access,High,03/29/24,Critical,Other,/code/src/game_shared/bgame/bg_emote.cpp,BG_Emote_GetStreamCollection,Production,Suspicious,OVERRUN,2025-04-07,,OVERRUN,119,Absent,Various,ATVI-CoD-trunk,958
23091,Out-of-bounds read,High,03/29/24,Critical,Other,/code/src/game_iw9/bgame/asm/bg_player_asm_util.cpp,BG_PlayerASM_IsTransitionReverse,Production,Suspicious,OVERRUN,2025-04-09,,OVERRUN,125,Absent,Various,ATVI-CoD-trunk,3314
23152,Out-of-bounds read,High,03/29/24,Critical,Other,/code/src/physics/Private/Havok/HavokPhysicsRT_SVFX.cpp,HavokPhysicsRT_SVFX_Update,Third Party/Open Source,Unclassified,"OVERRUN,graphicsCode",,,OVERRUN,125,Absent,Various,ATVI-CoD-trunk,Various
23173,Out-of-bounds access,High,03/29/24,Critical,Other,/code/src/game_iw9/cgame/cg_execution.cpp,CG_Execution_CheckShowHideEffects,Production,False Positive,OVERRUN,2024-12-05,,OVERRUN,119,Absent,Various,ATVI-CoD-trunk,1456
23209,Out-of-bounds access,High,03/29/24,Critical,Other,/code/src/battlenet/battlenet_checkout.cpp,CleanExecutablePath,Third Party/Open Source,Unclassified,OVERRUN,,,OVERRUN,119,Absent,Various,ATVI-CoD-trunk,49
23366,Out-of-bounds access,High,03/29/24,Critical,Other,/code/src/gfx/r_universe.cpp,R_Universe_SetDecalVolumeClusterBeforePrepass,Production,False Positive,"OVERRUN,graphicsCode",2024-12-11,,OVERRUN,119,Absent,Various,ATVI-CoD-trunk,6756
23407,Out-of-bounds access,High,03/29/24,Critical,Other,/code/src/game_shared/cgame/vehicles/cg_vehicle_treads.cpp,PhysicsUpdateAllTreadsAnim,Production,False Positive,OVERRUN,2025-03-31,,OVERRUN,119,Absent,Various,ATVI-CoD-trunk,943
23519,Out-of-bounds access,High,03/29/24,Critical,Other,/code/src/win32/ImeUi.cpp,ImeUi_FinalizeString,Production,Not Exploitable,oba,2025-04-07,,OVERRUN,119,Absent,Various,ATVI-CoD-trunk,2394
23520,Out-of-bounds access,High,03/29/24,Critical,Other,/code/src/gfx/r_universe.cpp,R_Universe_SeparateWorldPrimaryLights,Production,False Positive,"OVERRUN,graphicsCode",2024-12-11,,OVERRUN,119,Absent,Various,ATVI-CoD-trunk,7144
23524,Out-of-bounds access,High,03/29/24,Critical,Other,/code/src/game_iw9/game_sp/g_save_sp.cpp,ReadThreatBiasGroups,Production,Suspicious,OVERRUN,2025-03-21,,OVERRUN,119,Absent,Various,ATVI-CoD-trunk,1735
23530,Out-of-bounds access,High,03/29/24,Critical,Other,/code/src/WaterDynamics/WaterDynamics_Physics.cpp,WaterDynamics_Physics_UnlockContextForWorld,Production,Suspicious,"OVERRUN,physicsCode",2025-04-08,,OVERRUN,119,Absent,Various,ATVI-CoD-trunk,218
23599,Out-of-bounds access,High,03/29/24,Critical,Other,/code/src/game_iw9/game_sp/g_save_sp.cpp,G_SaveSP_ReadPathNodes,Production,Suspicious,OVERRUN,2025-03-21,,OVERRUN,119,Absent,Various,ATVI-CoD-trunk,1654
23609,Untrusted value as argument,Medium,03/29/24,Critical,Other,/code/src/server_mp/sv_snapshot_mp.cpp,SV_SnapshotMP_EmitClientMessageScriptables,Production,Suspicious,downcasting,,,TAINTED_SCALAR,20,Absent,Various,ATVI-CoD-trunk,Various
23657,Out-of-bounds access,High,03/29/24,Critical,Other,/code/src/gfx/r_collision.cpp,R_SphereStaticModels,Production,False Positive,"OVERRUN,graphicsCode",2024-12-11,,OVERRUN,119,Absent,Various,ATVI-CoD-trunk,354
23745,Out-of-bounds access,High,03/29/24,Critical,Other,/code/src/client_mp/cl_editable_player_data.cpp,CL_EditablePlayerData_Reset,Production,False Positive,OVERRUN,2025-04-02,,OVERRUN,119,Absent,Various,ATVI-CoD-trunk,82
23788,Out-of-bounds access,High,03/29/24,Critical,Other,/code/src/gfx/r_primarylights.cpp,R_UpdatePrimaryLightsForFrame_Internal,Production,False Positive,"OVERRUN,graphicsCode",2024-12-11,,OVERRUN,119,Absent,Various,ATVI-CoD-trunk,Various
23803,Out-of-bounds access,High,03/29/24,Critical,Other,/code/src/gfx/r_universe.cpp,R_Universe_MergeWorldStaticModelMaterials,Production,False Positive,"OVERRUN,graphicsCode",2024-12-11,,OVERRUN,119,Absent,Various,ATVI-CoD-trunk,Various
23844,Destination buffer too small,High,03/29/24,Critical,Other,/code/src/universal/info_parse_util.cpp,Info_CopyValues,Production,False Positive,other,,,STRING_OVERFLOW,120,Absent,Various,ATVI-CoD-trunk,550
23893,Out-of-bounds access,High,03/29/24,Critical,Other,/code/src/gfx/r_universe.cpp,R_Universe_MergeWorldModelsAndSurfaces,Production,False Positive,"OVERRUN,graphicsCode",2024-12-11,,OVERRUN,119,Absent,Various,ATVI-CoD-trunk,Various
23977,Out-of-bounds access,High,03/29/24,Critical,Other,/code/src/universal/edge_octree.h,ProcessScriptableCandidateHit,Production,Suspicious,OVERRUN,2025-04-09,,OVERRUN,119,Absent,Various,ATVI-CoD-trunk,Various
23988,Out-of-bounds access,High,03/29/24,Critical,Other,/code/src/xanim/nodes/xanimnode_blendspace1d.cpp,XAnimBlendSpace1D_Update,Production,False Positive,"OVERRUN,graphicsCode",2025-03-27,,OVERRUN,119,Absent,Various,ATVI-CoD-trunk,550
24015,Out-of-bounds write,High,03/29/24,Critical,Other,/code/src/PatchCollision/PatchCollision_AreaSwap.cpp,PatchCollision_AreaSwap_Update,Production,Suspicious,OVERRUN,2025-04-07,,OVERRUN,119,Absent,Various,ATVI-CoD-trunk,163
24077,Out-of-bounds access,High,03/29/24,Critical,Other,/code/src/physics/Private/Core/PhysicsRT_Vehicle.cpp,PhysicsRT_Vehicle_BuoyancyCast,Production,Suspicious,"OVERRUN,physicsCode",2025-04-08,,OVERRUN,119,Absent,Various,ATVI-CoD-trunk,Various
24081,Out-of-bounds access,High,03/29/24,Critical,Other,/code/src/game_iw9/game/ai/ai_animation.cpp,AI_XAnim_CalcBoneMat_ModelSpace_Batched_64,Production,False Positive,"OVERRUN,graphicsCode",2024-12-05,,OVERRUN,119,Absent,Various,ATVI-CoD-trunk,3342
24116,Out-of-bounds access,High,03/29/24,Critical,Other,/code/src/vfx/Particles/ParticleManager.cpp,UpdateBoneMapCache,Production,False Positive,"OVERRUN,graphicsCode",2024-12-04,,OVERRUN,119,Absent,Various,ATVI-CoD-trunk,5361
24134,Out-of-bounds access,High,03/29/24,Critical,Other,/code/src/game_iw9/cgame_mp/cg_ents_mp.cpp,CG_EntityMP_ScriptMover_CircleFX,Production,False Positive,OVERRUN,2024-12-05,,OVERRUN,119,Absent,Various,ATVI-CoD-trunk,3026
24203,Out-of-bounds access,High,03/29/24,Critical,Other,/code/src/game_iw9/bgame/bg_weapons.cpp,BG_Offhand_ShouldStopTauntThirdPerson,Production,False Positive,OVERRUN,2025-04-08,,OVERRUN,119,Absent,Various,ATVI-CoD-trunk,23488
24209,Out-of-bounds access,High,03/29/24,Critical,Other,/code/common/libs/PhysicsCore/PhysicsCore/Havok/HavokPhysicsCollisionQueryDispatchers.cpp,castShapeConvex,Third Party/Open Source,Unclassified,"OVERRUN,physicsCode",,,OVERRUN,119,Absent,Various,ATVI-CoD-trunk,1265
24210,Out-of-bounds access,High,03/29/24,Critical,Other,/code/src/xanim/nodes/xanimnode_mount.cpp,XAnimMount_Calc,Production,False Positive,"OVERRUN,graphicsCode",2024-12-04,,OVERRUN,119,Absent,Various,ATVI-CoD-trunk,245
24222,Out-of-bounds access,High,03/29/24,Critical,Other,/code/src/game_iw9/cgame_mp/cg_weapons_mp.cpp,BulletImpactShouldOverrideTarget,Production,False Positive,OVERRUN,2024-12-05,,OVERRUN,119,Absent,Various,ATVI-CoD-trunk,2087
24224,Out-of-bounds access,High,03/29/24,Critical,Other,/code/src/gfx/r_universe.cpp,R_Universe_SetMergedVisDataAndMotionBitsCounts,Production,False Positive,"OVERRUN,graphicsCode",2024-12-11,,OVERRUN,119,Absent,Various,ATVI-CoD-trunk,2619
24241,Out-of-bounds access,High,03/29/24,Critical,Other,/code/src/game_iw9/cgame_mp/cg_players_mp.cpp,CG_PlayersMP_ApplyMeatShieldLinking,Production,False Positive,OVERRUN,2024-12-05,,OVERRUN,119,Absent,Various,ATVI-CoD-trunk,1763
24269,Out-of-bounds access,High,03/29/24,Critical,Other,/code/src/gfx/r_universe.cpp,R_Universe_MergeGfxBufferData,Production,False Positive,"OVERRUN,graphicsCode",2024-12-11,,OVERRUN,119,Absent,Various,ATVI-CoD-trunk,Various
24293,Out-of-bounds read,High,03/29/24,Critical,Other,/code/src/xanim/dobj.cpp,DObjGetBasePoseMatrix,Production,Suspicious,"OVERRUN,graphicsCode",2024-12-15,,OVERRUN,125,Absent,Various,ATVI-CoD-trunk,7290
24337,Out-of-bounds access,High,03/29/24,Critical,Other,/code/src/gfx/r_universe.cpp,R_Universe_MergeArrayDataInternal,Production,False Positive,"OVERRUN,graphicsCode",2024-12-11,,OVERRUN,119,Absent,Various,ATVI-CoD-trunk,Various
24346,Out-of-bounds access,High,03/29/24,Critical,Other,/code/src/game_iw9/cgame/cg_train.cpp,CG_Train_TryDoTrainPoseController,Production,False Positive,OVERRUN,2024-12-05,,OVERRUN,119,Absent,Various,ATVI-CoD-trunk,416
24406,Out-of-bounds access,High,03/29/24,Critical,Other,/code/src/gfx/r_universe.cpp,R_Universe_MergeWorlds,Production,False Positive,"OVERRUN,graphicsCode",2024-12-11,,OVERRUN,119,Absent,Various,ATVI-CoD-trunk,Various
24422,Out-of-bounds access,High,03/29/24,Critical,Other,/code/src/game_iw9/game_sp/g_save_sp.cpp,G_SaveSP_ReadBadPlaces,Production,Suspicious,OVERRUN,2025-03-21,,OVERRUN,119,Absent,Various,ATVI-CoD-trunk,1717
24443,Out-of-bounds access,High,03/29/24,Critical,Other,/code/src/game_shared/bgame/vehicles/bg_vehicle_amphibious.cpp,BG_Vehicle_SwitchAmphibiousPhysics,Production,False Positive,OVERRUN,2024-12-11,,OVERRUN,119,Absent,Various,ATVI-CoD-trunk,995
24452,Untrusted loop bound,Medium,03/29/24,Critical,Other,/code/src/fileio/fileio_executable_parser_win.cpp,GetFileOffsetFromRVA,Production,Not Exploitable,fileRead,,,TAINTED_SCALAR,606,Absent,Various,ATVI-CoD-trunk,267
24532,Out-of-bounds access,High,03/29/24,Critical,Other,/code/src/gfx/r_universe.cpp,R_Universe_MergeWorldDecalVolumes,Production,False Positive,"OVERRUN,graphicsCode",2024-12-12,,OVERRUN,119,Absent,Various,ATVI-CoD-trunk,6732
24548,Out-of-bounds access,High,03/29/24,Critical,Other,/code/src/xanim/xanim.cpp,XAnimFrameStreaming_AddAnim,Production,Suspicious,"OVERRUN,graphicsCode",2025-04-14,,OVERRUN,119,Absent,Various,ATVI-CoD-trunk,Various
24562,Copy into fixed size buffer,Low,03/29/24,Critical,Other,/code/src/gfx/r_font.cpp,R_ParseEscapeSequence_Advance,Production,False Positive,falsePositive,,,STRING_OVERFLOW,120,Absent,Various,ATVI-CoD-trunk,1792
24579,Illegal address computation,High,03/29/24,Critical,Other,/code/src/stream/stream_defrag.cpp,ResolveNewAddr,Production,Suspicious,OVERRUN,2025-04-15,,OVERRUN,119,Absent,Various,ATVI-CoD-trunk,4759
24600,Out-of-bounds access,High,03/29/24,Critical,Other,/code/src/game_iw9/cgame/cg_weapons.cpp,CG_Weapon_AddViewmodelHand,Production,Suspicious,OVERRUN,2025-04-14,,OVERRUN,119,Absent,Various,ATVI-CoD-trunk,Various
24605,Out-of-bounds access,High,03/29/24,Critical,Other,/code/src/gfx/r_universe.cpp,R_Universe_MergeWorldPrimaryLights,Production,False Positive,"OVERRUN,graphicsCode",2024-12-11,,OVERRUN,119,Absent,Various,ATVI-CoD-trunk,Various
24606,Out-of-bounds access,High,03/29/24,Critical,Other,/code/src/gfx/r_universe.cpp,R_Universe_MergeWorldReflectionProbeData,Production,False Positive,"OVERRUN,graphicsCode",2024-12-11,,OVERRUN,119,Absent,Various,ATVI-CoD-trunk,6554
24622,Out-of-bounds access,High,03/29/24,Critical,Other,/code/src/game_iw9/cgame_mp/cg_ents_mp.cpp,CG_EntityMP_TurretBaseTraceDown,Production,False Positive,OVERRUN,2024-12-05,,OVERRUN,119,Absent,Various,ATVI-CoD-trunk,1328
24643,Out-of-bounds access,High,03/29/24,Critical,Other,/code/src/gfx/r_universe.cpp,R_Universe_AllocRuntimeData,Production,False Positive,"OVERRUN,graphicsCode",2024-12-11,,OVERRUN,119,Absent,Various,ATVI-CoD-trunk,Various
24704,Out-of-bounds access,High,03/29/24,Critical,Other,/code/src/game_iw9/game/g_turret.cpp,G_Turret_Controller,Production,False Positive,OVERRUN,2024-12-04,,OVERRUN,119,Absent,Various,ATVI-CoD-trunk,Various
24707,Out-of-bounds access,High,03/29/24,Critical,Other,/code/src/xanim/nodes/xanimnode_blendspace2d.cpp,XAnimBlendSpace2D_Update,Production,False Positive,"OVERRUN,graphicsCode",2025-03-27,,OVERRUN,119,Absent,Various,ATVI-CoD-trunk,1035
24771,Out-of-bounds access,High,03/29/24,Critical,Other,/code/src/xanim/nodes/xanimnode_orient.cpp,XAnimOrient_LazyInit,Production,False Positive,"OVERRUN,graphicsCode",,,OVERRUN,119,Absent,Various,ATVI-CoD-trunk,219
24781,Out-of-bounds read,High,03/29/24,Critical,Other,/code/src/game_shared/game/vehicles/g_vehicle.cpp,BuildDObjFromVehicleInfo,Production,False Positive,OVERRUN,2025-04-07,,OVERRUN,125,Absent,Various,ATVI-CoD-trunk,Various
24953,Out-of-bounds access,High,03/29/24,Critical,Other,/code/src/game_iw9/cgame/cg_beamentity.cpp,CG_BeamEntity_BuildTargetArray,Production,False Positive,OVERRUN,2024-12-04,,OVERRUN,119,Absent,Various,ATVI-CoD-trunk,208
24956,Copy into fixed size buffer,Low,03/29/24,Critical,Other,/code/src/win32/win_shared.cpp,Sys_GetCurrentUser,Production,False Positive,falsePositive,,,STRING_OVERFLOW,120,Absent,Various,ATVI-CoD-trunk,Various
24971,Out-of-bounds access,High,03/29/24,Critical,Other,/code/src/game_iw9/aim_assist/aim_target.cpp,AimTarget_AddEntityWork,Production,False Positive,OVERRUN,2024-12-04,,OVERRUN,119,Absent,Various,ATVI-CoD-trunk,1469
24998,Copy into fixed size buffer,Low,03/29/24,Critical,Other,/code/src/online/online_friends_crossplay.cpp,CheckMessageProfanityComplete,Production,Suspicious,other,,,STRING_OVERFLOW,120,Absent,Various,ATVI-CoD-trunk,1846
25009,Out-of-bounds access,High,03/29/24,Critical,Other,/code/src/gfx/r_universe.cpp,R_Universe_AllocMergeTempData,Production,False Positive,"OVERRUN,graphicsCode",2024-12-11,,OVERRUN,119,Absent,Various,ATVI-CoD-trunk,Various
25018,Out-of-bounds access,High,03/29/24,Critical,Other,/code/src/scriptable/scriptable_client_utility.cpp,ScriptableCl_GetPartUseHintTag,Production,False Positive,OVERRUN,2025-03-28,,OVERRUN,119,Absent,Various,ATVI-CoD-trunk,2066
25068,Out-of-bounds access,High,03/29/24,Critical,Other,/code/src/game_iw9/cgame/cg_train.cpp,CG_Train_TryDoTrainPoseController,Production,False Positive,OVERRUN,2024-12-05,,OVERRUN,119,Absent,Various,ATVI-CoD-trunk,440
25077,Out-of-bounds access,High,03/29/24,Critical,Other,/code/src/client_mp/cl_parse_mp.cpp,CL_ParseMP_ParsePacketEntities,Production,Suspicious,OVERRUN,2025-04-14,,OVERRUN,119,Absent,Various,ATVI-CoD-trunk,855
25110,Buffer not null terminated,High,03/29/24,Critical,Other,/code/src/game_iw9/cgame/cg_client_character.cpp,CG_ClientCharacter_CreateNoteModel,Production,Suspicious,other,,false,BUFFER_SIZE,170,Absent,Quality,ATVI-CoD-trunk,Various
25193,Out-of-bounds read,High,03/29/24,Critical,Other,/code/libs/ddl/src/ddl/ddl_parse.cpp,DDL_BeginParseSession,Production,Suspicious,OVERRUN,2025-04-15,,OVERRUN,125,Absent,Various,ATVI-CoD-trunk,199
25205,Out-of-bounds access,High,03/29/24,Critical,Other,/code/src/gfx/r_universe.cpp,R_Universe_SetSeparatedArrayCounts,Production,False Positive,"OVERRUN,graphicsCode",2024-12-11,,OVERRUN,119,Absent,Various,ATVI-CoD-trunk,2428
25232,Out-of-bounds write,High,03/29/24,Critical,Other,/code/libs/ddl/src/ddl/ddl_parse.cpp,DDL_ParseExt,Production,Suspicious,OVERRUN,2025-04-14,,OVERRUN,119,Absent,Various,ATVI-CoD-trunk,386
25239,Out-of-bounds access,High,03/29/24,Critical,Other,/code/src/game_shared/bgame/vehicles/bg_vehicle.cpp,BG_Vehicle_RebuildVehicleComponentDriverPlayer,Production,False Positive,OVERRUN,2024-12-11,,OVERRUN,119,Absent,Various,ATVI-CoD-trunk,3407
25256,Out-of-bounds access,High,03/29/24,Critical,Other,/code/src/server_mp/sv_agent_mp.cpp,Agent_SetNonStandardViewHeight,Production,False Positive,OVERRUN,2024-12-04,,OVERRUN,119,Absent,Various,ATVI-CoD-trunk,1095
25280,Out-of-bounds access,High,03/29/24,Critical,Other,/code/src/gfx/r_universe.cpp,R_Universe_MergeWorldSurfaceMaterials,Production,False Positive,"OVERRUN,graphicsCode",2024-12-11,,OVERRUN,119,Absent,Various,ATVI-CoD-trunk,4198
25287,Out-of-bounds access,High,03/29/24,Critical,Other,/code/src/dynentity/DynEntity_coll.cpp,DynEnt_FindBoneIndex,Production,False Positive,OVERRUN,2024-12-05,,OVERRUN,119,Absent,Various,ATVI-CoD-trunk,Various
25352,Out-of-bounds write,High,03/29/24,Critical,Other,/code/src/game_shared/bgame/common_item/bg_common_item.cpp,BG_CommonItem_GenerateFullWeaponStrings,Production,Suspicious,OVERRUN,2025-04-09,,OVERRUN,119,Absent,Various,ATVI-CoD-trunk,Various
25391,Out-of-bounds access,High,03/29/24,Critical,Other,/code/src/stream/stream_load_sync.cpp,Stream_LoadSync_IsDone,Production,False Positive,OVERRUN,2024-12-11,,OVERRUN,119,Absent,Various,ATVI-CoD-trunk,Various
25409,Out-of-bounds access,High,03/29/24,Critical,Other,/code/src/game_iw9/cgame/cg_view.cpp,CG_View_ApplyLinkCameraAnimation,Production,Not Exploitable,OVERRUN,2025-03-22,,OVERRUN,119,Absent,Various,ATVI-CoD-trunk,9980
25422,Out-of-bounds access,High,03/29/24,Critical,Other,/code/src/game_iw9/cgame/cg_train.cpp,CG_Train_TryDoTrainPoseController,Production,False Positive,OVERRUN,2024-12-05,,OVERRUN,119,Absent,Various,ATVI-CoD-trunk,434
25426,Out-of-bounds access,High,03/29/24,Critical,Other,/code/src/client_mp/cl_editable_player_data.cpp,CL_EditablePlayerData_Reset,Production,False Positive,OVERRUN,2025-04-02,,OVERRUN,119,Absent,Various,ATVI-CoD-trunk,79
25448,Out-of-bounds access,High,03/29/24,Critical,Other,/code/src/gfx/r_universe.cpp,R_Universe_MergeBakedTndSurfaces,Production,False Positive,"OVERRUN,graphicsCode",2024-12-11,,OVERRUN,119,Absent,Various,ATVI-CoD-trunk,4547
25466,Out-of-bounds access,High,03/29/24,Critical,Other,/code/src/game_iw9/game_sp/g_turret_sp.cpp,G_TurretSP_SaveGame_Write,Production,False Positive,address not deref,2025-04-09,,OVERRUN,119,Absent,Various,ATVI-CoD-trunk,66
25497,Out-of-bounds access,High,03/29/24,Critical,Other,/code/src/game_iw9/cgame/cg_train.cpp,CG_Train_PreRender,Production,False Positive,OVERRUN,2024-12-05,,OVERRUN,119,Absent,Various,ATVI-CoD-trunk,338
25502,Out-of-bounds access,High,03/29/24,Critical,Other,/code/src/dynentity/DynEntity_spatial.cpp,DynEntCL_Spatial_MarkIfMissingCollisionTiles,Production,Suspicious,OVERRUN,2025-04-08,,OVERRUN,119,Absent,Various,ATVI-CoD-trunk,633
25519,Out-of-bounds access,High,03/29/24,Critical,Other,/code/src/game_iw9/cgame/cg_weapons.cpp,CG_PlayWeaponMiniPropEffects,Production,False Positive,OVERRUN,2024-12-04,,OVERRUN,119,Absent,Various,ATVI-CoD-trunk,43529
25520,Untrusted value as argument,Medium,03/29/24,Critical,Other,/code/src/server_mp/sv_snapshot_workers_mp.cpp,SV_SnapWorkersMP_BuildServerScriptablesCmd,Production,Suspicious,downcasting,,,TAINTED_SCALAR,20,Absent,Various,ATVI-CoD-trunk,Various
25532,Out-of-bounds access,High,03/29/24,Critical,Other,/code/src/stream/stream_update.cpp,Stream_UpdateStreamTreeCmd,Production,False Positive,OVERRUN,2024-12-11,,OVERRUN,119,Absent,Various,ATVI-CoD-trunk,Various
25588,Out-of-bounds access,High,03/29/24,Critical,Other,/code/src/physics/Private/Havok/HavokPhysicsRT_World.cpp,HavokPhysicsRT_InstantiateAssetBodyCylinder,Third Party/Open Source,Unclassified,"OVERRUN,physicsCode",,,OVERRUN,119,Absent,Various,ATVI-CoD-trunk,2296
25591,Out-of-bounds access,High,03/29/24,Critical,Other,/code/src/gfx/r_primarylights.cpp,R_LightQuadtreeBuild,Production,False Positive,"OVERRUN,graphicsCode",2024-12-11,,OVERRUN,119,Absent,Various,ATVI-CoD-trunk,Various
25620,Out-of-bounds access,High,03/29/24,Critical,Other,/code/src/gfx/r_collision.cpp,R_SetupSphereStaticGeo,Production,False Positive,"OVERRUN,graphicsCode",2024-12-11,,OVERRUN,119,Absent,Various,ATVI-CoD-trunk,73
25629,Out-of-bounds write,High,03/29/24,Critical,Other,/code/src/physics/Private/Havok/HavokPhysicsRT_Cage.cpp,HavokPhysicsRT_Cage_Create,Third Party/Open Source,Unclassified,"OVERRUN,physicsCode",,,OVERRUN,119,Absent,Various,ATVI-CoD-trunk,102
25633,Out-of-bounds access,High,03/29/24,Critical,Other,/code/src/game_shared/cgame/vehicles/cg_vehicle_event_system.cpp,CG_Vehicle_GetDripFxBoneIndex,Production,False Positive,OVERRUN,2024-12-04,,OVERRUN,119,Absent,Various,ATVI-CoD-trunk,2765
25714,Out-of-bounds access,High,03/29/24,Critical,Other,/code/src/game_shared/cgame/ClientModel/CG_ClientModel_Physics.cpp,CG_ClientModel_Physics_FindBoneIndex,Production,False Positive,"OVERRUN,physicsCode",2025-03-27,,OVERRUN,119,Absent,Various,ATVI-CoD-trunk,Various
25764,Out-of-bounds access,High,03/29/24,Critical,Other,/code/src/game_iw9/cgame/cg_utils.cpp,CG_Utils_ProcessNotetracksWorldRemap,Production,Suspicious,OVERRUN,2025-04-09,,OVERRUN,119,Absent,Various,ATVI-CoD-trunk,1168
25852,Out-of-bounds access,High,03/29/24,Critical,Other,/code/src/physics/Private/Core/CG_PhysicsObject.cpp,CG_PhysicsObject_FindBoneIndex,Production,False Positive,"OVERRUN,physicsCode",2024-12-05,,OVERRUN,119,Absent,Various,ATVI-CoD-trunk,1238
25887,Out-of-bounds access,High,03/29/24,Critical,Other,/code/src/gfx/r_universe.cpp,R_Universe_MergeWorldLightmaps,Production,False Positive,"OVERRUN,graphicsCode",2024-12-11,,OVERRUN,119,Absent,Various,ATVI-CoD-trunk,4630
25927,Out-of-bounds access,High,03/29/24,Critical,Other,/code/src/game_shared/cgame/vehicles/cg_vehicle_treads.cpp,PhysicsUpdateAllTreadsAnim,Production,False Positive,OVERRUN,2025-03-31,,OVERRUN,119,Absent,Various,ATVI-CoD-trunk,944
25931,Out-of-bounds access,High,03/29/24,Critical,Other,/code/src/gfx/r_universe.cpp,R_Universe_MergeArrayDataInternal,Production,False Positive,"OVERRUN,graphicsCode",2024-12-11,,OVERRUN,119,Absent,Various,ATVI-CoD-trunk,Various
25938,Out-of-bounds access,High,03/29/24,Critical,Other,/code/src/gfx/r_universe.cpp,R_Universe_CleanupSeparatedWorldData,Production,False Positive,"OVERRUN,graphicsCode",2024-12-11,,OVERRUN,119,Absent,Various,ATVI-CoD-trunk,6214
25947,Out-of-bounds access,High,03/29/24,Critical,Other,/code/src/client_mp/cl_editable_player_data.cpp,CL_EditablePlayerData_Reset,Production,False Positive,OVERRUN,2025-04-02,,OVERRUN,119,Absent,Various,ATVI-CoD-trunk,80
25987,Out-of-bounds access,High,03/29/24,Critical,Other,/code/src/WaterDynamics/WaterDynamics_PhysicsBehavior.cpp,WaterDynamic_PhysicsBehaviour_IsInDelay,Production,Suspicious,"OVERRUN,physicsCode",2025-04-08,,OVERRUN,119,Absent,Various,ATVI-CoD-trunk,989
26001,Out-of-bounds access,High,03/29/24,Critical,Other,/code/src/game_iw9/cgame_mp/cg_ents_mp.cpp,CG_EntityMP_TurretFootTraceDown,Production,False Positive,OVERRUN,2024-12-05,,OVERRUN,119,Absent,Various,ATVI-CoD-trunk,1386
26029,Out-of-bounds access,High,07/31/24,Critical,Other,/code/src/lui/LUI_CoD_Weapon.cpp,ClientWeapon_SetWeaponRelativeOffset,Production,Not Exploitable,OVERRUN,2025-04-14,,OVERRUN,119,Absent,Various,ATVI-CoD-trunk,Various
26034,Out-of-bounds access,High,07/31/24,Critical,Other,/code/src/game_shared/bgame/vehicles/bg_vehicle_physics_manager.inl,GetElementById,Production,Suspicious,"OVERRUN,graphicsCode",2025-03-27,,OVERRUN,119,Absent,Various,ATVI-CoD-trunk,Various
26045,Copy into fixed size buffer,Low,07/31/24,Critical,Other,/code/src/online/online_instance_inventory_common.cpp,Online_InstanceInventory_ReadGameModeSettings,Production,Suspicious,other,,,STRING_OVERFLOW,120,Absent,Various,ATVI-CoD-trunk,79
26123,Out-of-bounds access,High,07/31/24,Critical,Other,/code/src/lui/LUI_CoD_Weapon.cpp,ClientWeapon_GetDistanceBetweenTags,Production,False Positive,OVERRUN,,,OVERRUN,119,Absent,Various,ATVI-CoD-trunk,382
26124,Out-of-bounds access,High,07/31/24,Critical,Other,/code/src/game_iw9/cgame_sp/cg_servercmds_sp.cpp,CG_ServerCmdSP_LocalSoundPlay,Production,Suspicious,OVERRUN,,,OVERRUN,119,Absent,Various,ATVI-CoD-trunk,903
26129,Out-of-bounds access,High,07/31/24,Critical,Other,/code/src/xanim/dobj.cpp,DObjGetNextModelBoneIndex,Production,False Positive,OVERRUN,2024-12-05,,OVERRUN,119,Absent,Various,ATVI-CoD-trunk,7098
26191,Out-of-bounds access,High,07/31/24,Critical,Other,/code/src/game_iw9/cgame_sp/cg_view_sp.cpp,CG_ViewSP_UpdateIsAttachedToCam,Production,False Positive,OVERRUN,2024-12-04,,OVERRUN,119,Absent,Various,ATVI-CoD-trunk,441
26235,Out-of-bounds access,High,07/31/24,Critical,Other,/code/src/qcommon/com_player_data.cpp,Com_PlayerData_GetStatsGroupDataSize,Production,Suspicious,OVERRUN,,,OVERRUN,119,Absent,Various,ATVI-CoD-trunk,322
26273,Out-of-bounds access,High,07/31/24,Critical,Other,/code/src/qcommon/com_storage.cpp,LiveStorage_GetStatsGroupBuffer,Production,Suspicious,OVERRUN,,,OVERRUN,119,Absent,Various,ATVI-CoD-trunk,1620
26280,Out-of-bounds write,High,07/31/24,Critical,Other,/code/src/gfx/r_font.cpp,R_RegisterFont,Production,Suspicious,OVERRUN,,,OVERRUN,119,Absent,Various,ATVI-CoD-trunk,2965
26284,Illegal address computation,High,07/31/24,Critical,Other,/code/src/qcommon/net_dtls.cpp,RecvFrom,Production,Suspicious,OVERRUN,,,OVERRUN,119,Absent,Various,ATVI-CoD-trunk,227
26311,Out-of-bounds access,High,07/31/24,Critical,Other,/code/src/client/cl_player_data.cpp,CL_PlayerData_SetStatsBlobDirty,Production,Suspicious,OVERRUN,,,OVERRUN,119,Absent,Various,ATVI-CoD-trunk,Various
26313,Out-of-bounds access,High,07/31/24,Critical,Other,/code/src/xanim/dobj_utils.cpp,XModelGetNonClientBoneIndex,Production,False Positive,OVERRUN,,,OVERRUN,119,Absent,Various,ATVI-CoD-trunk,1580
26318,Out-of-bounds access,High,07/31/24,Critical,Other,/code/src/online/online_userprofiles/online_userprofiles_ddlutils.cpp,ReadCustomizationModelsForProfile,Production,Suspicious,,2025-04-30,false,OVERRUN,119,Absent,Various,ATVI-CoD-trunk,Various
26329,Out-of-bounds access,High,07/31/24,Critical,Other,/code/src/server/sv_game.cpp,SV_Game_DObjGetBoneIndex,Production,False Positive,OVERRUN,2024-12-05,,OVERRUN,119,Absent,Various,ATVI-CoD-trunk,566
26350,Copy into fixed size buffer,Low,07/31/24,Critical,Other,/code/external/dlog/src/dlog/dlog.cpp,DLog_Record,Third Party/Open Source,Unclassified,other,,false,STRING_OVERFLOW,120,Absent,Various,ATVI-CoD-trunk,1630
26379,Out-of-bounds write,High,07/31/24,Critical,Other,/code/src/dynentity/DynEntity_client.cpp,DynEntCL_DeferredCollisions_ExecuteVelocitiesSubRequestRun,Production,Suspicious,OVERRUN,,,OVERRUN,119,Absent,Various,ATVI-CoD-trunk,2366
26398,Out-of-bounds access,High,07/31/24,Critical,Other,/code/src/game_iw9/cgame/cg_swim.cpp,CG_Swim_ClientVisualFx,Production,False Positive,OVERRUN,,,OVERRUN,119,Absent,Various,ATVI-CoD-trunk,819
26405,Out-of-bounds access,High,07/31/24,Critical,Other,/code/src/lui/LUI_CoD_Weapon.cpp,ClientWeapon_GetRelativeRotationCenterOffset,Production,False Positive,OVERRUN,,,OVERRUN,119,Absent,Various,ATVI-CoD-trunk,322
26406,Out-of-bounds access,High,07/31/24,Critical,Other,/code/src/physics/Private/Havok/HavokPhysicsRT_AssetUtils.cpp,HavokPhysicsRT_FindDetailModelBoneIndex,Third Party/Open Source,False Positive,OVERRUN,2024-12-05,,OVERRUN,119,Absent,Various,ATVI-CoD-trunk,1228
26456,Out-of-bounds access,High,07/31/24,Critical,Other,/code/src/game_iw9/cgame/cg_ents_inline.h,CG_DObjGetLocalTagMatrix,Production,False Positive,OVERRUN,,,OVERRUN,119,Absent,Various,ATVI-CoD-trunk,204
26475,Out-of-bounds read,High,07/31/24,Critical,Other,/code/src/game_shared/bgame/vehicles/bg_vehicle_leanout.cpp,BG_VehicleLeanOut_StartLerpViewAngles,Production,Suspicious,OVERRUN,,,OVERRUN,125,Absent,Various,ATVI-CoD-trunk,1518
26523,Out-of-bounds access,High,07/31/24,Critical,Other,/code/src/qcommon/com_player_data.cpp,Com_PlayerData_GetStatsGroupOffset,Production,Suspicious,OVERRUN,2024-12-05,,OVERRUN,119,Absent,Various,ATVI-CoD-trunk,310
26553,Out-of-bounds access,High,07/31/24,Critical,Other,/code/src/game_iw9/game/ai/ai_animation.cpp,AI_XAnim_CalcBoneMat_ModelSpace,Production,False Positive,OVERRUN,,,OVERRUN,119,Absent,Various,ATVI-CoD-trunk,3022
26580,Out-of-bounds access,High,07/31/24,Critical,Other,/code/src/qcommon/net_packet.cpp,GetChannel,Production,Suspicious,OVERRUN,,,OVERRUN,119,Absent,Various,ATVI-CoD-trunk,214
26646,Out-of-bounds access,High,07/31/24,Critical,Other,/code/src/xanim/dobj.cpp,DObjGetReverseModelBoneIndex,Production,False Positive,OVERRUN,2024-12-05,,OVERRUN,119,Absent,Various,ATVI-CoD-trunk,7198
26666,Out-of-bounds access,High,07/31/24,Critical,Other,/code/src/qcommon/com_map_ent_lookup.cpp,Com_FindLocalPrimaryLightWorldIndexPairFromEntInstUUID,Production,False Positive,OVERRUN,2024-12-11,,OVERRUN,119,Absent,Various,ATVI-CoD-trunk,155
26669,Out-of-bounds access,High,07/31/24,Critical,Other,/code/src/game_iw9/game/g_bullet.cpp,G_Bullet_BoneHitEncode,Production,False Positive,OVERRUN,2024-12-04,,OVERRUN,119,Absent,Various,ATVI-CoD-trunk,3309
26671,Out-of-bounds access,High,07/31/24,Critical,Other,/code/src/online/online_userprofiles/online_userprofiles_manager.cpp,GetUserProfileForUI,Production,Suspicious,,2025-05-01,false,OVERRUN,119,Absent,Various,ATVI-CoD-trunk,385
26682,Out-of-bounds access,High,07/31/24,Critical,Other,/code/src/game_iw9/cgame/cg_ents_inline.h,CG_DObjBoneSpacePosToWorld,Production,False Positive,OVERRUN,2024-12-04,,OVERRUN,119,Absent,Various,ATVI-CoD-trunk,292
26695,Destination buffer too small,High,07/31/24,Critical,Other,/code/external/dlog/src/dlog/dlog_endpoints.cpp,DLog_Endpoint_File,Third Party/Open Source,Unclassified,other,,false,STRING_OVERFLOW,120,Absent,Various,ATVI-CoD-trunk,110
26741,Out-of-bounds access,High,07/31/24,Critical,Other,/code/src/xanim/dobj.cpp,DObjGetReverseBoneIndex,Production,False Positive,OVERRUN,2024-12-05,,OVERRUN,119,Absent,Various,ATVI-CoD-trunk,7032
26759,Out-of-bounds write,High,07/31/24,Critical,Other,/code/src/game_shared/cgame/ClientModel/CG_ClientModel.cpp,CG_ClientModel_DeferredCollisions_ExecuteVelocitiesSubRequestRun,Production,Suspicious,OVERRUN,,,OVERRUN,119,Absent,Various,ATVI-CoD-trunk,5184
26768,Out-of-bounds access,High,07/31/24,Critical,Other,/code/src/qcommon/com_player_data.cpp,Com_PlayerData_GetStatsGroupSize,Production,Suspicious,OVERRUN,,,OVERRUN,119,Absent,Various,ATVI-CoD-trunk,316
26790,Out-of-bounds access,High,07/31/24,Critical,Other,/code/src/qcommon/com_storage.cpp,LiveStorage_GetPlayerDataBufferSize,Production,Suspicious,OVERRUN,,,OVERRUN,119,Absent,Various,ATVI-CoD-trunk,1692
26795,Out-of-bounds access,High,07/31/24,Critical,Other,/code/src/game_iw9/cgame_sp/cg_view_sp.cpp,CG_ViewSP_UpdateIsAttachedToCam,Production,Not Exploitable,OVERRUN,,,OVERRUN,119,Absent,Various,ATVI-CoD-trunk,446
26803,Out-of-bounds read,High,07/31/24,Critical,Other,/code/src/qcommon/com_storage.cpp,LiveStorage_IsStatsGroupObfuscated,Production,Suspicious,OVERRUN,,,OVERRUN,125,Absent,Various,ATVI-CoD-trunk,1640
26814,Out-of-bounds access,High,07/31/24,Critical,Other,/code/src/xanim/dobj.cpp,DObjGetNextBoneIndex,Production,False Positive,OVERRUN,2024-12-05,,OVERRUN,119,Absent,Various,ATVI-CoD-trunk,7064
26847,Out-of-bounds access,High,07/31/24,Critical,Other,/code/src/gfx/r_enumerate.cpp,R_UpdateCurrentAndDefaultAdapter,Production,Suspicious,OVERRUN,2025-04-08,,OVERRUN,119,Absent,Various,ATVI-CoD-trunk,1745
26880,Out-of-bounds access,High,07/31/24,Critical,Other,/code/src/game_iw9/game/g_utils.cpp,G_Utils_DObjWorldPosToBoneSpace,Production,False Positive,OVERRUN,2024-12-04,,OVERRUN,119,Absent,Various,ATVI-CoD-trunk,4193
26885,Out-of-bounds access,High,07/31/24,Critical,Other,/code/src/xanim/nodes/xanimnode_particle_dynamics.cpp,XAnimParticleDynamics_InitParticle,Production,False Positive,OVERRUN,2024-12-05,,OVERRUN,119,Absent,Various,ATVI-CoD-trunk,61
26902,Out-of-bounds access,High,07/31/24,Critical,Other,/code/src/xanim/dobj.cpp,DObjCreateDuplicateParts_FindDuplicateBoneAndUpdateLookupTable,Production,False Positive,OVERRUN,2024-12-05,,OVERRUN,119,Absent,Various,ATVI-CoD-trunk,643
26920,Out-of-bounds access,High,07/31/24,Critical,Other,/code/src/game_iw9/game/g_utils.cpp,G_Utils_DObjBoneSpacePosToWorld,Production,False Positive,OVERRUN,2024-12-04,,OVERRUN,119,Absent,Various,ATVI-CoD-trunk,4229
26955,Out-of-bounds access,High,07/31/24,Critical,Other,/code/src/physics/Private/Core/G_PhysicsObject.cpp,G_PhysicsObject_FindBoneIndex,Production,False Positive,OVERRUN,2024-12-05,,OVERRUN,119,Absent,Various,ATVI-CoD-trunk,646
26957,Out-of-bounds access,High,07/31/24,Critical,Other,/code/src/lui/LUI_CoD_Weapon.cpp,ClientWeapon_GetRelativeOffsetBetweenOriginAndTag,Production,False Positive,OVERRUN,,,OVERRUN,119,Absent,Various,ATVI-CoD-trunk,264
26962,Out-of-bounds access,High,07/31/24,Critical,Other,/code/src/gfx/r_universe.cpp,R_Universe_SetMultiTransientCollections,Production,False Positive,OVERRUN,2024-12-11,,OVERRUN,119,Absent,Various,ATVI-CoD-trunk,2738
26972,Copy into fixed size buffer,Low,07/31/24,Critical,Other,/code/external/dlog/src/dlog/dlog.cpp,DLog_RecordCachedContext,Third Party/Open Source,Unclassified,other,,false,STRING_OVERFLOW,120,Absent,Various,ATVI-CoD-trunk,788
26987,Out-of-bounds access,High,07/31/24,Critical,Other,/code/src/game_iw9/cgame/cg_weapons.cpp,CalculateTagOffset,Production,False Positive,OVERRUN,2024-12-04,,OVERRUN,119,Absent,Various,ATVI-CoD-trunk,40793
27025,Out-of-bounds read,High,08/01/24,Critical,Other,/code/src/universal/atvi_stb_image.cpp,stbi__parse_huffman_block,Production,Suspicious,OVERRUN,2024-10-30,false,OVERRUN,125,Absent,Various,ATVI-CoD-trunk,5548
27029,Out-of-bounds write,High,08/01/24,Critical,Other,/code/src/database/db_zones.cpp,DB_Zones_ResetZoneFlag,Production,Suspicious,OVERRUN,2025-04-08,,OVERRUN,119,Absent,Various,ATVI-CoD-trunk,1725
27031,Out-of-bounds read,High,08/01/24,Critical,Other,/code/src/universal/atvi_stb_image.cpp,stbi__parse_huffman_block,Production,Suspicious,OVERRUN,2024-10-30,false,OVERRUN,125,Absent,Various,ATVI-CoD-trunk,Various
27034,Out-of-bounds read,High,08/01/24,Critical,Other,/code/src/database/db_zones.cpp,DB_Zones_UpdateZoneFlagLoadOrder,Production,Suspicious,OVERRUN,2025-04-09,,OVERRUN,125,Absent,Various,ATVI-CoD-trunk,385
27036,Out-of-bounds access,High,08/01/24,Critical,Other,/code/src/game_iw9/game_sp/g_moving_platforms_sp.cpp,SaveSP_Read,Production,Suspicious,OVERRUN,2025-03-21,,OVERRUN,119,Absent,Various,ATVI-CoD-trunk,80
27043,Out-of-bounds write,High,08/01/24,Critical,Other,/code/src/database/db_zones.cpp,DB_Zones_Init,Production,Suspicious,OVERRUN,2025-04-09,,OVERRUN,119,Absent,Various,ATVI-CoD-trunk,347
27044,Out-of-bounds write,High,08/01/24,Critical,Other,/code/src/netconststrings/NetConstStrings_dvar.cpp,NetConstStrings_RegisterScriptDvars,Production,Suspicious,OVERRUN,2024-12-03,,OVERRUN,119,Absent,Various,ATVI-CoD-trunk,215
27046,Out-of-bounds write,High,08/01/24,Critical,Other,/code/src/qcommon/com_player_data_objectstore.cpp,Com_PlayerData_CacheStatsGroupData,Production,Suspicious,OVERRUN,,,OVERRUN,119,Absent,Various,ATVI-CoD-trunk,188
27054,Out-of-bounds read,High,08/01/24,Critical,Other,/code/src/PatchCollision/PatchCollision_AreaSwap.cpp,PatchCollision_AreaSwap_GetShapeForLoad,Production,Suspicious,OVERRUN,,,OVERRUN,125,Absent,Various,ATVI-CoD-trunk,440
27055,Out-of-bounds read,High,08/01/24,Critical,Other,/code/src/universal/atvi_stb_image.cpp,stbi__parse_huffman_block,Production,Suspicious,OVERRUN,2024-10-30,false,OVERRUN,125,Absent,Various,ATVI-CoD-trunk,5538
27056,Out-of-bounds read,High,08/01/24,Critical,Other,/code/src/universal/atvi_stb_image.cpp,stbi__parse_huffman_block,Production,Suspicious,OVERRUN,2024-10-30,false,OVERRUN,125,Absent,Various,ATVI-CoD-trunk,Various
27059,Out-of-bounds write,High,08/01/24,Critical,Other,/code/src/database/db_zones.cpp,DB_Zones_SetZoneFlag,Production,Suspicious,OVERRUN,2025-04-08,,OVERRUN,119,Absent,Various,ATVI-CoD-trunk,1712
27060,Out-of-bounds access,High,08/01/24,Critical,Other,/code/src/game_iw9/game_sp/g_pip_sp.cpp,G_PIP_Read,Production,Suspicious,OVERRUN,2025-03-21,,OVERRUN,119,Absent,Various,ATVI-CoD-trunk,1145
27063,Out-of-bounds access,High,08/01/24,Critical,Other,/code/src/game_iw9/bgame/bg_context_mount_edges.cpp,BG_ContextMount_BuildCandidateFromEdgeId,Production,False Positive,OVERRUN,2025-03-31,,OVERRUN,119,Absent,Various,ATVI-CoD-trunk,2824
27064,Out-of-bounds access,High,08/01/24,Critical,Other,/code/src/game_iw9/game/g_objectives.cpp,G_Objectives_Update,Production,Suspicious,OVERRUN,2025-04-14,,OVERRUN,119,Absent,Various,ATVI-CoD-trunk,693
27069,Out-of-bounds access,High,08/01/24,Critical,Other,/code/src/game_iw9/cgame/cg_entity_workers.cpp,CG_EntityWorkers_SetEntityWorkChain_r,Production,False Positive,errorChecking,,,OVERRUN,119,Absent,Various,ATVI-CoD-trunk,1201
27072,Out-of-bounds read,High,08/01/24,Critical,Other,/code/src/online/fence_manager.cpp,FenceManager_GetFenceObjectStateName,Test,Unclassified,OVERRUN,2025-04-15,,OVERRUN,125,Absent,Various,ATVI-CoD-trunk,1260
27074,Out-of-bounds access,High,08/01/24,Critical,Other,/code/src/game_iw9/cgame/cg_event.cpp,CG_Event_PlaySwimFX,Production,False Positive,OVERRUN,2024-12-04,,OVERRUN,119,Absent,Various,ATVI-CoD-trunk,4380
27075,Out-of-bounds access,High,08/01/24,Critical,Other,/code/src/xanim/nodes/xanimnode_ik_terrain.cpp,XAnimIKTerrain_Calc,Production,False Positive,OVERRUN,,,OVERRUN,119,Absent,Various,ATVI-CoD-trunk,3969
27083,Out-of-bounds access,High,08/23/24,Critical,Other,/vendor/visual_studio/17.14.36119.2/VC/Tools/MSVC/14.44.35207/include/algorithm,any_of,Third Party/Open Source,Unclassified,OVERRUN,,,OVERRUN,119,Absent,Various,ATVI-CoD-trunk,Various
27089,Out-of-bounds access,High,08/23/24,Critical,Other,/code/src/gfx/r_collision.cpp,R_SphereSurfaces,Production,False Positive,OVERRUN,2024-12-11,,OVERRUN,119,Absent,Various,ATVI-CoD-trunk,Various
27093,Out-of-bounds read,High,08/23/24,Critical,Other,/code/src/database/db_binarypatch_load.cpp,DB_BinaryPatch_BeginManifestLoad,Production,Suspicious,OVERRUN,,,OVERRUN,125,Absent,Various,ATVI-CoD-trunk,513
27094,Out-of-bounds read,High,08/23/24,Critical,Other,/code/src/database/db_binarypatch_load.cpp,DB_BinaryPatch_BeginManifestLoad,Production,Suspicious,OVERRUN,,,OVERRUN,125,Absent,Various,ATVI-CoD-trunk,509
27095,Out-of-bounds access,High,08/23/24,Critical,Other,/code/src/gfx/r_collision.cpp,R_SphereBtndSurfaces,Production,False Positive,OVERRUN,2024-12-11,,OVERRUN,119,Absent,Various,ATVI-CoD-trunk,221
27097,Out-of-bounds read,High,08/23/24,Critical,Other,/code/src/game_iw9/cgame/cg_hang.cpp,CG_Hang_PopulateIKTimings,Production,Suspicious,OVERRUN,,,OVERRUN,125,Absent,Various,ATVI-CoD-trunk,Various
27112,Out-of-bounds access,High,08/23/24,Critical,Other,/code/src/physics/Private/Core/CG_PhysicsCharacterProxy.cpp,CG_PhysicsCharacterProxy_CreateAuthRagdoll_Immediate,Production,False Positive,errorChecking,,,OVERRUN,119,Absent,Various,ATVI-CoD-trunk,2219
27120,Out-of-bounds access,High,08/23/24,Critical,Other,/code/src/gfx/r_universe.cpp,R_Universe_MergeWorldStaticLights,Production,False Positive,OVERRUN,2024-12-11,,OVERRUN,119,Absent,Various,ATVI-CoD-trunk,4737
27128,Out-of-bounds access,High,08/23/24,Critical,Other,/code/src/gfx/r_dxr_frontend.cpp,R_DXR_Worker_UpdateStaticLights,Production,False Positive,OVERRUN,2024-12-11,,OVERRUN,119,Absent,Various,ATVI-CoD-trunk,5178
27129,Out-of-bounds write,High,08/23/24,Critical,Other,/code/src/gfx/r_add_bsp.cpp,R_EmitGPBspSurfArg,Production,False Positive,OVERRUN,,,OVERRUN,119,Absent,Various,ATVI-CoD-trunk,351
27169,Out-of-bounds access,High,09/10/24,Critical,Other,/code/src/physics/Private/Havok/HavokPhysicsRT_Savegame.cpp,HavokPhysicsRT_LoadInstance,Third Party/Open Source,False Positive,,2024-12-12,,OVERRUN,119,Absent,Various,ATVI-CoD-trunk,1067
27172,Out-of-bounds access,High,09/10/24,Critical,Other,/code/common/libs/PhysicsCore/PhysicsCore/Physics/Physics.cpp,Physics_CreateShapeCylinder,Production,False Positive,,2024-12-12,,OVERRUN,119,Absent,Various,ATVI-CoD-trunk,639
27174,Out-of-bounds read,High,09/10/24,Critical,Other,/code/src/weather/weather_griddynamic_streamer_tile.inl,Weather_GridDynamic_Tile_Downscale,Production,Suspicious,OVERRUN,2025-04-09,,OVERRUN,125,Absent,Various,ATVI-CoD-trunk,Various
27175,Out-of-bounds access,High,09/10/24,Critical,Other,/code/common/libs/PhysicsCore/PhysicsCore/Havok/HavokPhysics.cpp,HavokPhysics_CreateShapeConvexHull,Third Party/Open Source,Unclassified,,,,OVERRUN,119,Absent,Various,ATVI-CoD-trunk,831
27177,Out-of-bounds read,High,09/10/24,Critical,Other,/code/common/libs/MathCore/MathCore/math_ops.cpp,GetRotatedBounds,Production,False Positive,,2024-10-30,,OVERRUN,125,Absent,Various,ATVI-CoD-trunk,2511
27178,Out-of-bounds access,High,09/10/24,Critical,Other,/code/common/libs/PhysicsCore/PhysicsCore/Havok/HavokPhysics.cpp,HavokPhysics_CreateShapeCylinder,Third Party/Open Source,Unclassified,,,,OVERRUN,119,Absent,Various,ATVI-CoD-trunk,715
27181,Out-of-bounds access,High,09/10/24,Critical,Other,/code/common/libs/PhysicsCore/PhysicsCore/Havok/HavokPhysics.cpp,HavokPhysics_CreateShapeCylinder,Third Party/Open Source,Unclassified,,,,OVERRUN,119,Absent,Various,ATVI-CoD-trunk,714
27182,Out-of-bounds write,High,09/10/24,Critical,Other,/code/src/weather/weather_griddynamic_streamer_tile.inl,Weather_GridDynamic_Tile_Downscale,Production,Suspicious,OVERRUN,2025-04-09,,OVERRUN,119,Absent,Various,ATVI-CoD-trunk,Various
27183,Out-of-bounds read,High,09/10/24,Critical,Other,/code/common/libs/MathCore/MathCore/math_ops.cpp,TMatrixInverse44Safe,Production,False Positive,,2024-10-30,,OVERRUN,125,Absent,Various,ATVI-CoD-trunk,4080
27184,Out-of-bounds access,High,09/10/24,Critical,Other,/code/src/gfx/r_nlg_atlas.cpp,GetLoadedLightGridHash,Production,False Positive,,2024-12-12,,OVERRUN,119,Absent,Various,ATVI-CoD-trunk,2467
27185,Out-of-bounds access,High,09/10/24,Critical,Other,/code/src/client/cl_streaming.cpp,CL_Streaming_GetRequestHash,Production,False Positive,,2025-04-09,,OVERRUN,119,Absent,Various,ATVI-CoD-trunk,1480
27186,Out-of-bounds access,High,09/10/24,Critical,Other,/code/common/libs/PhysicsCore/PhysicsCore/Havok/HavokPhysics.cpp,HavokPhysics_CreateShapeConvexHull,Third Party/Open Source,Unclassified,,,,OVERRUN,119,Absent,Various,ATVI-CoD-trunk,832
27188,Out-of-bounds read,High,09/10/24,Critical,Other,/code/common/libs/MathCore/MathCore/math_ops.cpp,GetRotatedBounds,Production,False Positive,,2024-10-30,,OVERRUN,125,Absent,Various,ATVI-CoD-trunk,2503
27189,Out-of-bounds access,High,09/10/24,Critical,Other,/code/common/libs/PhysicsCore/PhysicsCore/Havok/HavokPhysics.cpp,HavokPhysics_CreateShapeConvexHull,Third Party/Open Source,Unclassified,,,,OVERRUN,119,Absent,Various,ATVI-CoD-trunk,829
27196,Out-of-bounds access,High,09/10/24,Critical,Other,/code/common/libs/PhysicsCore/PhysicsCore/Havok/HavokPhysics.cpp,HavokPhysics_CreateShapeConvexHull,Third Party/Open Source,Unclassified,,,,OVERRUN,119,Absent,Various,ATVI-CoD-trunk,817
27198,Out-of-bounds read,High,09/10/24,Critical,Other,/code/common/libs/MathCore/MathCore/math_ops.cpp,GetRotatedBounds,Production,False Positive,,2024-10-30,,OVERRUN,125,Absent,Various,ATVI-CoD-trunk,2507
27200,Out-of-bounds write,High,09/10/24,Critical,Other,/code/common/libs/MathCore/MathCore/math_ops.cpp,TMatrixInverse44Safe,Production,False Positive,,2025-04-15,,OVERRUN,119,Absent,Various,ATVI-CoD-trunk,4101
27205,Out-of-bounds access,High,09/10/24,Critical,Other,/code/common/libs/PhysicsCore/PhysicsCore/Havok/HavokPhysics.cpp,HavokPhysics_CreateShapeConvexHull,Third Party/Open Source,Unclassified,,,,OVERRUN,119,Absent,Various,ATVI-CoD-trunk,830
27207,Out-of-bounds access,High,09/10/24,Critical,Other,/code/src/gfx/r_nlg_atlas.cpp,GetLoadedLightGridHash,Production,False Positive,,2024-12-12,,OVERRUN,119,Absent,Various,ATVI-CoD-trunk,2465
27209,Out-of-bounds access,High,09/10/24,Critical,Other,/code/common/libs/PhysicsCore/PhysicsCore/Havok/HavokPhysics.cpp,HavokPhysics_CreateShapeConvexHull,Third Party/Open Source,Unclassified,,,,OVERRUN,119,Absent,Various,ATVI-CoD-trunk,818
27211,Out-of-bounds access,High,09/10/24,Critical,Other,/code/src/client/cl_streaming.cpp,CL_Streaming_GetRequestHash,Production,False Positive,,2024-12-12,,OVERRUN,119,Absent,Various,ATVI-CoD-trunk,1471
27213,Out-of-bounds access,High,09/10/24,Critical,Other,/code/src/client/cl_streaming.cpp,CL_Streaming_GetRequestHash,Production,False Positive,,2024-12-12,,OVERRUN,119,Absent,Various,ATVI-CoD-trunk,1489
27217,Out-of-bounds access,High,09/10/24,Critical,Other,/code/common/libs/PhysicsCore/PhysicsCore/Havok/HavokPhysics.cpp,HavokPhysics_CreateShapeCylinder,Third Party/Open Source,Unclassified,,,,OVERRUN,119,Absent,Various,ATVI-CoD-trunk,716
27220,Out-of-bounds access,High,09/10/24,Critical,Other,/code/src/physics/Private/Havok/HavokPhysicsRT_World.cpp,HavokPhysicsRT_InstantiateAssetBodyCylinder,Third Party/Open Source,False Positive,,2024-12-12,,OVERRUN,119,Absent,Various,ATVI-CoD-trunk,2280
27221,Out-of-bounds access,High,09/10/24,Critical,Other,/code/common/libs/PhysicsCore/PhysicsCore/Havok/HavokPhysics.cpp,HavokPhysics_CreateShapeConvexHull,Third Party/Open Source,Unclassified,,,,OVERRUN,119,Absent,Various,ATVI-CoD-trunk,816
27222,Out-of-bounds access,High,09/10/24,Critical,Other,/code/src/gfx/r_nlg_atlas.cpp,GetLoadedLightGridHash,Production,False Positive,,2024-12-12,,OVERRUN,119,Absent,Various,ATVI-CoD-trunk,2466
27223,Out-of-bounds access,High,09/10/24,Critical,Other,/code/common/libs/PhysicsCore/PhysicsCore/Havok/HavokPhysics.cpp,HavokPhysics_CreateShapeConvexHull,Third Party/Open Source,Unclassified,,,,OVERRUN,119,Absent,Various,ATVI-CoD-trunk,819
27227,Out-of-bounds access,High,09/10/24,Critical,Other,/code/src/lui/LUI_DataModel.cpp,LUI_Model_PopulatePath,Production,False Positive,,2024-12-12,,OVERRUN,119,Absent,Various,ATVI-CoD-trunk,2005
27228,Out-of-bounds access,High,09/10/24,Critical,Other,/code/src/game_iw9/cgame/cg_servercmds.cpp,CG_ServerCmd_VisionSetConfigString,Production,False Positive,,2024-12-03,,OVERRUN,119,Absent,Various,ATVI-CoD-trunk,1295
27236,Out-of-bounds access,High,09/10/24,Critical,Other,/code/src/gfx/r_nlg_atlas.cpp,GetLoadedLightGridHash,Production,False Positive,,2024-12-12,,OVERRUN,119,Absent,Various,ATVI-CoD-trunk,2464
27244,Out-of-bounds read,High,09/11/24,Critical,Other,/code/src/game_iw9/cgame/cg_pose.cpp,CG_Pose_DoBaseOriginController,Production,Suspicious,OVERRUN,2024-12-15,,OVERRUN,125,Absent,Various,ATVI-CoD-trunk,Various
27245,Out-of-bounds access,High,09/11/24,Critical,Other,/code/src/game_shared/cgame/vehicles/cg_vehicle_physics.cpp,PhysicsGetBoneLocalMatrix,Production,False Positive,OVERRUN,2024-12-04,,OVERRUN,119,Absent,Various,ATVI-CoD-trunk,1634
27376,Out-of-bounds access,High,09/27/24,Critical,Other,/code/src/weather/weather_griddynamic.cpp,Weather_GridDynamic_UpdateTiles,Production,Suspicious,index_overrun,2025-04-15,,OVERRUN,119,Absent,Various,ATVI-CoD-trunk,382
27377,Out-of-bounds access,High,09/27/24,Critical,Other,/code/src/weather/weather_griddynamic.cpp,Weather_GridDynamic_IsPrecipitating,Production,Suspicious,OVERRUN,2025-04-08,,OVERRUN,119,Absent,Various,ATVI-CoD-trunk,466
27382,Out-of-bounds access,High,09/27/24,Critical,Other,/code/src/qcommon/com_storage.cpp,LiveStorage_ClearControllerStorageData,Production,Not Exploitable,cov_sus,2025-04-07,,OVERRUN,119,Absent,Various,ATVI-CoD-trunk,1424
27392,Out-of-bounds read,High,09/27/24,Critical,Other,/code/src/game_shared/bgame/common_item/bg_common_item.cpp,BG_CommonItem_CheckIfItemDefHasTag,Production,Suspicious,OVERRUN,2024-11-07,,OVERRUN,125,Absent,Various,ATVI-CoD-trunk,797
27396,Out-of-bounds access,High,09/27/24,Critical,Other,/code/src/gfx/r_amd_ffx_security.h,Trust_VerifyEmbeddedSignature,Production,Suspicious,OVERRUN,2024-11-07,,OVERRUN,119,Absent,Various,ATVI-CoD-trunk,98
27415,Out-of-bounds read,High,10/02/24,Critical,Other,/code/src/game_iw9/cgame/cg_client_character.cpp,operator (),Production,Suspicious,OVERRUN,2024-10-30,false,OVERRUN,125,Absent,Various,ATVI-CoD-trunk,2590
27425,Out-of-bounds read,High,10/14/24,Critical,Other,/code/src/game_shared/bgame/bg_ai.cpp,GetAnimMappingEntry,Production,Suspicious,,,,OVERRUN,125,Absent,Various,ATVI-CoD-trunk,218
27427,Out-of-bounds access,High,10/14/24,Critical,Other,/code/src/game_iw9/bgame/lwagent/pathtimeline/bg_pathtimeline.cpp,FindPosOnPath,Production,Suspicious,,,,OVERRUN,119,Absent,Various,ATVI-CoD-trunk,192
27434,Out-of-bounds access,High,10/16/24,Critical,Other,/code/src/gfx/r_universe.cpp,R_Universe_InitLevelGlobalData,Production,False Positive,,2024-11-07,,OVERRUN,119,Absent,Various,ATVI-CoD-trunk,8756
27436,Out-of-bounds read,High,10/16/24,Critical,Other,/code/src/stream/stream_backend_queue.cpp,Stream_BackendQueue_IssueReadInternal,Production,False Positive,,2024-10-30,,OVERRUN,125,Absent,Various,ATVI-CoD-trunk,346
27485,Out-of-bounds write,High,10/21/24,Critical,Other,/code/src/game_iw9/game/ai/ai_interaction_manager.cpp,DynamicInteractionPartitioning_AddInteractionToGrid,Production,Suspicious,,2024-11-05,,OVERRUN,119,Absent,Various,ATVI-CoD-trunk,246
27516,Illegal address computation,High,10/21/24,Critical,Other,/code/src/gfx/r_water.cpp,R_Water_DrawWaterMesh_TopDown,Production,False Positive,,2024-11-03,,OVERRUN,119,Absent,Various,ATVI-CoD-trunk,10189
27541,Out-of-bounds access,High,10/30/24,Critical,Other,/code/src/game_shared/bgame/vehicles/bg_vehicle_physics_manager.inl,RecreateElementWithSubType,Production,Suspicious,,2024-10-30,false,OVERRUN,119,Absent,Various,ATVI-CoD-trunk,Various
27550,Out-of-bounds read,High,10/30/24,Critical,Other,/code/src/game_iw9/bgame/asm/bg_player_asm_util.cpp,BG_PlayerASM_IsTransitionInputClockwise,Production,Suspicious,,2024-10-30,false,OVERRUN,125,Absent,Various,ATVI-CoD-trunk,3366
27594,Out-of-bounds write,High,11/05/24,Critical,Other,/code/external/zstd-1.5.6/lib/compress/huf_compress.c,HUF_readCTable,Third Party/Open Source,Unclassified,tp_ext,2025-04-07,false,OVERRUN,119,Absent,Various,ATVI-CoD-trunk,339
27606,Out-of-bounds read,High,11/05/24,Critical,Other,/code/external/zstd-1.5.6/lib/compress/zstd_opt.c,ZSTD_litLengthPrice,Third Party/Open Source,Unclassified,tp_ext,2025-04-07,false,OVERRUN,125,Absent,Various,ATVI-CoD-trunk,311
27608,Out-of-bounds read,High,11/05/24,Critical,Other,/code/libs/libtomcrypt-1.18/src/hashes/sha1.c,sha1_compress,Third Party/Open Source,Unclassified,,,false,OVERRUN,125,Absent,Various,ATVI-CoD-trunk,Various
27614,Out-of-bounds access,High,11/05/24,Critical,Other,/code/external/zstd-1.5.6/lib/compress/zstd_compress.c,ZSTD_estimateBlockSize_sequences,Third Party/Open Source,Unclassified,tp_ext,2025-04-07,false,OVERRUN,119,Absent,Various,ATVI-CoD-trunk,3842
27615,Out-of-bounds write,High,11/05/24,Critical,Other,/code/external/zstd-1.5.6/lib/compress/huf_compress.c,HUF_readCTable,Third Party/Open Source,Unclassified,tp_ext,2025-04-07,false,OVERRUN,119,Absent,Various,ATVI-CoD-trunk,329
27621,Out-of-bounds access,High,11/05/24,Critical,Other,/code/external/zstd-1.5.6/lib/compress/zstd_compress.c,ZSTD_compressStream_generic,Third Party/Open Source,Not Exploitable,tp_ext,2025-04-07,false,OVERRUN,119,Absent,Various,ATVI-CoD-trunk,6099
27634,Out-of-bounds write,High,11/05/24,Critical,Other,/code/external/zstd-1.5.6/lib/compress/huf_compress.c,HUF_setMaxHeight,Third Party/Open Source,Unclassified,tp_ext,2025-04-07,false,OVERRUN,119,Absent,Various,ATVI-CoD-trunk,Various
27639,Out-of-bounds read,High,11/05/24,Critical,Other,/code/external/zstd-1.5.6/lib/compress/zstd_opt.c,ZSTD_insertBtAndGetAllMatches,Third Party/Open Source,Unclassified,tp_ext,2025-04-07,false,OVERRUN,125,Absent,Various,ATVI-CoD-trunk,649
27643,Out-of-bounds read,High,11/05/24,Critical,Other,/code/external/zstd-1.5.6/lib/dictBuilder/divsufsort.c,ss_isqrt,Third Party/Open Source,Unclassified,tp_ext,2025-04-07,false,OVERRUN,125,Absent,Various,ATVI-CoD-trunk,217
27648,Out-of-bounds read,High,11/05/24,Critical,Other,/code/external/zstd-1.5.6/lib/compress/zstd_opt.c,ZSTD_getMatchPrice,Third Party/Open Source,Unclassified,tp_ext,2025-04-07,false,OVERRUN,125,Absent,Various,ATVI-CoD-trunk,345
27653,Out-of-bounds access,High,11/05/24,Critical,Other,/code/external/zstd-1.5.6/lib/compress/zstd_compress.c,ZSTD_loadDictionaryContent,Third Party/Open Source,Not Exploitable,tp_ext,2025-04-07,false,OVERRUN,119,Absent,Various,ATVI-CoD-trunk,Various
27660,Out-of-bounds read,High,11/05/24,Critical,Other,/code/external/zstd-1.5.6/lib/compress/huf_compress.c,HUF_writeCTable_wksp,Third Party/Open Source,Unclassified,tp_ext,2025-04-07,false,OVERRUN,125,Absent,Various,ATVI-CoD-trunk,271
27662,Out-of-bounds write,High,11/05/24,Critical,Other,/code/external/zstd-1.5.6/lib/compress/huf_compress.c,HUF_buildCTableFromTree,Third Party/Open Source,Unclassified,tp_ext,2025-04-07,false,OVERRUN,119,Absent,Various,ATVI-CoD-trunk,750
27671,Out-of-bounds access,High,11/22/24,Critical,Other,/code/external/luajit/2.1.0-beta3/src/lj_api.c,lua_tonumber,Third Party/Open Source,Unclassified,,,false,OVERRUN,119,Absent,Various,ATVI-CoD-trunk,470
27672,Out-of-bounds read,High,11/22/24,Critical,Other,/code/external/libjpeg/6b/jcphuff.c,start_pass_phuff,Third Party/Open Source,Unclassified,tp_ext,2025-04-07,false,OVERRUN,125,Absent,Various,ATVI-CoD-trunk,Various
27673,Out-of-bounds read,High,11/22/24,Critical,Other,/code/external/luajit/2.1.0-beta3/src/lj_meta.c,lj_meta_cat,Third Party/Open Source,Unclassified,,,false,OVERRUN,125,Absent,Various,ATVI-CoD-trunk,344
27674,Untrusted loop bound,Medium,11/22/24,Critical,Other,/code/external/luajit/2.1.0-beta3/src/lj_tab.c,lj_tab_new,Third Party/Open Source,Unclassified,,,false,TAINTED_SCALAR,606,Absent,Various,ATVI-CoD-trunk,Various
27675,Incorrect sizeof expression,Medium,11/22/24,Critical,Other,/code/external/luajit/2.1.0-beta3/src/host/buildvm_fold.c,tryhash,Third Party/Open Source,Unclassified,,,false,BAD_SIZEOF,467,Absent,Various,ATVI-CoD-trunk,26
27676,Write to pointer after free,High,11/22/24,Critical,Other,/code/external/luajit/2.1.0-beta3/src/lj_alloc.c,release_unused_segments,Third Party/Open Source,Unclassified,,,false,USE_AFTER_FREE,416,Absent,Various,ATVI-CoD-trunk,1091
27677,Out-of-bounds access,High,11/22/24,Critical,Other,/code/external/luajit/2.1.0-beta3/src/lj_api.c,luaL_checkinteger,Third Party/Open Source,Unclassified,,,false,OVERRUN,119,Absent,Various,ATVI-CoD-trunk,588
27678,Out-of-bounds read,High,11/22/24,Critical,Other,/code/external/libjpeg/6b/jchuff.c,start_pass_huff,Third Party/Open Source,Unclassified,tp_ext,2025-04-07,false,OVERRUN,125,Absent,Various,ATVI-CoD-trunk,Various
27679,Out-of-bounds access,High,11/22/24,Critical,Other,/code/external/luajit/2.1.0-beta3/src/lj_api.c,lua_isnumber,Third Party/Open Source,Unclassified,,,false,OVERRUN,119,Absent,Various,ATVI-CoD-trunk,386
27680,Out-of-bounds write,High,11/22/24,Critical,Other,/code/external/luajit/2.1.0-beta3/src/host/minilua.c,start_capture,Third Party/Open Source,Not Exploitable,,2024-11-25,false,OVERRUN,119,Absent,Various,ATVI-CoD-trunk,Various
27681,Copy into fixed size buffer,Low,11/22/24,Critical,Other,/code/external/luajit/2.1.0-beta3/src/host/minilua.c,luaX_lexerror,Third Party/Open Source,Unclassified,,,false,STRING_OVERFLOW,120,Absent,Various,ATVI-CoD-trunk,2712
27682,Copy into fixed size buffer,Low,11/22/24,Critical,Other,/code/external/luajit/2.1.0-beta3/src/host/minilua.c,addinfo,Third Party/Open Source,Unclassified,,,false,STRING_OVERFLOW,120,Absent,Various,ATVI-CoD-trunk,2573
27683,Out-of-bounds access,High,11/22/24,Critical,Other,/code/external/luajit/2.1.0-beta3/src/lj_debug.c,lj_debug_addloc,Third Party/Open Source,Unclassified,,,false,OVERRUN,119,Absent,Various,ATVI-CoD-trunk,445
27684,Out-of-bounds access,High,11/22/24,Critical,Other,/code/external/luajit/2.1.0-beta3/src/host/minilua.c,push_onecapture,Third Party/Open Source,Not Exploitable,,2024-12-03,false,OVERRUN,119,Absent,Various,ATVI-CoD-trunk,7349
27685,Out-of-bounds access,High,11/22/24,Critical,Other,/code/external/libjpeg/6b/jquant1.c,jinit_1pass_quantizer,Third Party/Open Source,Unclassified,tp_ext,2025-04-07,false,OVERRUN,119,Absent,Various,ATVI-CoD-trunk,Various
27686,Out-of-bounds access,High,11/22/24,Critical,Other,/code/external/zstd-1.5.6/lib/compress/zstd_compress_sequences.c,ZSTD_encodeSequences_body,Third Party/Open Source,Unclassified,tp_ext,2025-04-07,false,OVERRUN,119,Absent,Various,ATVI-CoD-trunk,Various
27687,Incorrect sizeof expression,Medium,11/22/24,Critical,Other,/code/external/luajit/2.1.0-beta3/src/host/buildvm_fold.c,tryhash,Third Party/Open Source,Unclassified,,,false,BAD_SIZEOF,467,Absent,Various,ATVI-CoD-trunk,33
27688,Out-of-bounds access,High,11/22/24,Critical,Other,/code/external/luajit/2.1.0-beta3/src/lj_api.c,lua_tointegerx,Third Party/Open Source,Unclassified,,,false,OVERRUN,119,Absent,Various,ATVI-CoD-trunk,555
27690,Out-of-bounds write,High,11/22/24,Critical,Other,/code/external/shaURL/shaURL/HttpRequest.cpp,HttpRequest,Third Party/Open Source,Unclassified,tp_ext,2025-04-07,false,OVERRUN,119,Absent,Various,ATVI-CoD-trunk,88
27695,Out-of-bounds write,High,11/22/24,Critical,Other,/code/external/libjpeg/6b/jmemmgr.c,free_pool,Third Party/Open Source,Unclassified,tp_ext,2025-04-07,false,OVERRUN,119,Absent,Various,ATVI-CoD-trunk,Various
27696,Out-of-bounds read,High,11/22/24,Critical,Other,/code/external/luajit/2.1.0-beta3/src/lj_debug.c,lj_debug_pushloc,Third Party/Open Source,Unclassified,,,false,OVERRUN,125,Absent,Various,ATVI-CoD-trunk,463
27697,Out-of-bounds access,High,11/22/24,Critical,Other,/code/external/luajit/2.1.0-beta3/src/host/minilua.c,newlstr,Third Party/Open Source,Unclassified,,,false,OVERRUN,119,Absent,Various,ATVI-CoD-trunk,1295
27698,Out-of-bounds write,High,11/22/24,Critical,Other,/code/external/speexdsp/1.2.1/libspeexdsp/jitter.c,tb_add,Third Party/Open Source,Unclassified,tp_ext,2025-04-07,false,OVERRUN,119,Absent,Various,ATVI-CoD-trunk,125
27699,Out-of-bounds access,High,11/22/24,Critical,Other,/code/external/luajit/2.1.0-beta3/src/host/minilua.c,newlstr,Third Party/Open Source,Unclassified,,,false,OVERRUN,119,Absent,Various,ATVI-CoD-trunk,1295
27701,Out-of-bounds read,High,11/22/24,Critical,Other,/code/external/libjpeg/6b/jdhuff.c,jpeg_make_d_derived_tbl,Third Party/Open Source,Unclassified,tp_ext,2025-04-07,false,OVERRUN,125,Absent,Various,ATVI-CoD-trunk,167
27702,Out-of-bounds access,High,11/22/24,Critical,Other,/code/external/luajit/2.1.0-beta3/src/lj_api.c,lua_tointeger,Third Party/Open Source,Unclassified,,,false,OVERRUN,119,Absent,Various,ATVI-CoD-trunk,531
27703,Out-of-bounds read,High,11/22/24,Critical,Other,/code/external/libjpeg/6b/jcparam.c,jpeg_add_quant_table,Third Party/Open Source,Unclassified,tp_ext,2025-04-07,false,OVERRUN,125,Absent,Various,ATVI-CoD-trunk,45
27706,Out-of-bounds read,High,11/22/24,Critical,Other,/code/external/libjpeg/6b/jdhuff.c,jpeg_make_d_derived_tbl,Third Party/Open Source,Unclassified,tp_ext,2025-04-07,false,OVERRUN,125,Absent,Various,ATVI-CoD-trunk,167
27707,Out-of-bounds access,High,11/22/24,Critical,Other,/code/external/luajit/2.1.0-beta3/src/lj_lib.c,lj_lib_checknum,Third Party/Open Source,Unclassified,,,false,OVERRUN,119,Absent,Various,ATVI-CoD-trunk,297
27708,Out-of-bounds read,High,11/22/24,Critical,Other,/code/external/luajit/2.1.0-beta3/src/host/buildvm_peobj.c,emit_peobj_sym,Third Party/Open Source,Unclassified,,,false,OVERRUN,125,Absent,Various,ATVI-CoD-trunk,141
27710,Out-of-bounds access,High,11/22/24,Critical,Other,/code/external/luajit/2.1.0-beta3/src/lj_api.c,luaL_optnumber,Third Party/Open Source,Unclassified,,,false,OVERRUN,119,Absent,Various,ATVI-CoD-trunk,516
27711,Out-of-bounds read,High,11/22/24,Critical,Other,/code/external/libjpeg/6b/jdmarker.c,get_dqt,Third Party/Open Source,Unclassified,tp_ext,2025-04-07,false,OVERRUN,125,Absent,Various,ATVI-CoD-trunk,Various
27712,Out-of-bounds access,High,11/22/24,Critical,Other,/code/external/luajit/2.1.0-beta3/src/lj_api.c,luaL_checknumber,Third Party/Open Source,Unclassified,,,false,OVERRUN,119,Absent,Various,ATVI-CoD-trunk,503
27716,Buffer not null terminated,High,11/22/24,Critical,Other,/code/external/shaURL/shaURL/HttpRequest.cpp,HttpRequest,Third Party/Open Source,Unclassified,tp_ext,2025-04-07,false,BUFFER_SIZE,170,Absent,Quality,ATVI-CoD-trunk,37
27717,Out-of-bounds write,High,11/22/24,Critical,Other,/code/external/libjpeg/6b/jmemmgr.c,free_pool,Third Party/Open Source,Unclassified,tp_ext,2025-04-07,false,OVERRUN,119,Absent,Various,ATVI-CoD-trunk,Various
27718,Use after free,High,11/22/24,Critical,Other,/code/external/luajit/2.1.0-beta3/src/lj_alloc.c,CALL_MUNMAP,Third Party/Open Source,Unclassified,,,false,USE_AFTER_FREE,416,Absent,Various,ATVI-CoD-trunk,207
27719,Out-of-bounds access,High,11/22/24,Critical,Other,/code/external/luajit/2.1.0-beta3/src/lj_api.c,luaL_optinteger,Third Party/Open Source,Unclassified,,,false,OVERRUN,119,Absent,Various,ATVI-CoD-trunk,613
27720,Out-of-bounds access,High,11/22/24,Critical,Other,/code/external/luajit/2.1.0-beta3/src/lib_string.c,add_value,Third Party/Open Source,Unclassified,,,false,OVERRUN,119,Absent,Various,ATVI-CoD-trunk,597
27726,Out-of-bounds read,High,11/22/24,Critical,Other,/code/external/libjpeg/6b/jcdctmgr.c,start_pass_fdctmgr,Third Party/Open Source,Unclassified,tp_ext,2025-04-07,false,OVERRUN,125,Absent,Various,ATVI-CoD-trunk,Various
27727,Out-of-bounds access,High,11/22/24,Critical,Other,/code/external/luajit/2.1.0-beta3/src/lj_parse.c,expr_field,Third Party/Open Source,Unclassified,,,false,OVERRUN,119,Absent,Various,ATVI-CoD-trunk,1905
27728,Out-of-bounds access,High,11/22/24,Critical,Other,/code/external/luajit/2.1.0-beta3/src/lj_strscan.h,lj_strscan_numberobj,Third Party/Open Source,Unclassified,,,false,OVERRUN,119,Absent,Various,ATVI-CoD-trunk,36
27731,Out-of-bounds read,High,11/22/24,Critical,Other,/code/external/libjpeg/6b/jcdctmgr.c,start_pass_fdctmgr,Third Party/Open Source,Unclassified,tp_ext,2025-04-07,false,OVERRUN,125,Absent,Various,ATVI-CoD-trunk,69
27732,Out-of-bounds access,High,11/22/24,Critical,Other,/code/src/dlog/dlog_bindings.cpp,DLog_LuaValue,Production,Suspicious,,2025-04-09,false,OVERRUN,119,Absent,Various,ATVI-CoD-trunk,92
27733,Out-of-bounds read,High,11/22/24,Critical,Other,/code/external/libjpeg/6b/jdinput.c,latch_quant_tables,Third Party/Open Source,Unclassified,tp_ext,2025-04-07,false,OVERRUN,125,Absent,Various,ATVI-CoD-trunk,240
27737,Out-of-bounds access,High,11/22/24,Critical,Other,/code/external/luajit/2.1.0-beta3/src/lj_meta.c,str2num,Third Party/Open Source,Unclassified,,,false,OVERRUN,119,Absent,Various,ATVI-CoD-trunk,207
27738,Untrusted loop bound,Medium,11/22/24,Critical,Other,/code/external/luajit/2.1.0-beta3/src/host/minilua.c,luaL_loadfile,Third Party/Open Source,Unclassified,,,false,TAINTED_SCALAR,606,Absent,Various,ATVI-CoD-trunk,6166
27740,Out-of-bounds read,High,11/22/24,Critical,Other,/code/external/luajit/2.1.0-beta3/src/lj_str.c,lj_str_new,Third Party/Open Source,Unclassified,,,false,OVERRUN,125,Absent,Various,ATVI-CoD-trunk,Various
27744,Out-of-bounds access,High,11/22/24,Critical,Other,/code/external/luajit/2.1.0-beta3/src/lj_parse.c,parse_if,Third Party/Open Source,Unclassified,,,false,OVERRUN,119,Absent,Various,ATVI-CoD-trunk,2934
27745,Out-of-bounds read,High,11/22/24,Critical,Other,/code/external/libjpeg/6b/jmemmgr.c,alloc_small,Third Party/Open Source,Unclassified,tp_ext,2025-04-07,false,OVERRUN,125,Absent,Various,ATVI-CoD-trunk,280
27748,Out-of-bounds read,High,11/22/24,Critical,Other,/code/external/luajit/2.1.0-beta3/src/lj_lex.c,lj_lex_token2str,Third Party/Open Source,Unclassified,,,false,OVERRUN,125,Absent,Various,ATVI-CoD-trunk,792
27749,Untrusted loop bound,Medium,11/22/24,Critical,Other,/code/external/luajit/2.1.0-beta3/src/lj_lib.c,lib_read_lfunc,Third Party/Open Source,Unclassified,,,false,TAINTED_SCALAR,606,Absent,Various,ATVI-CoD-trunk,85
27750,Out-of-bounds read,High,11/22/24,Critical,Other,/code/external/luajit/2.1.0-beta3/src/lj_gc.c,gc_traverse_tab,Third Party/Open Source,Unclassified,,,false,OVERRUN,125,Absent,Various,ATVI-CoD-trunk,282
27751,Out-of-bounds read,High,11/22/24,Critical,Other,/code/external/libjpeg/6b/jchuff.c,jpeg_make_c_derived_tbl,Third Party/Open Source,Unclassified,tp_ext,2025-04-07,false,OVERRUN,125,Absent,Various,ATVI-CoD-trunk,196
27752,Out-of-bounds access,High,11/22/24,Critical,Other,/code/external/libjpeg/6b/jcparam.c,add_huff_table,Third Party/Open Source,Unclassified,tp_ext,2025-04-07,false,OVERRUN,119,Absent,Various,ATVI-CoD-trunk,174
27753,Out-of-bounds write,High,11/22/24,Critical,Other,/code/external/speexdsp/1.2.1/libspeexdsp/jitter.c,tb_add,Third Party/Open Source,Unclassified,tp_ext,2025-04-07,false,OVERRUN,119,Absent,Various,ATVI-CoD-trunk,126
27754,Out-of-bounds access,High,11/22/24,Critical,Other,/code/external/luajit/2.1.0-beta3/src/lj_api.c,lua_tonumberx,Third Party/Open Source,Unclassified,,,false,OVERRUN,119,Absent,Various,ATVI-CoD-trunk,483
27756,Buffer not null terminated,High,11/22/24,Critical,Other,/code/external/shaURL/shaURL/Session.cpp,InstallProtocol,Third Party/Open Source,Unclassified,tp_ext,2025-04-07,false,BUFFER_SIZE,170,Absent,Quality,ATVI-CoD-trunk,212
27758,Out-of-bounds read,High,11/22/24,Critical,Other,/code/external/libjpeg/6b/jchuff.c,start_pass_huff,Third Party/Open Source,Unclassified,tp_ext,2025-04-07,false,OVERRUN,125,Absent,Various,ATVI-CoD-trunk,Various
27760,Out-of-bounds read,High,11/22/24,Critical,Other,/code/external/shaURL/shaURL/HttpRequest.cpp,AddRequestHeader,Third Party/Open Source,Unclassified,tp_ext,2025-04-07,false,OVERRUN,125,Absent,Various,ATVI-CoD-trunk,191
27761,Out-of-bounds read,High,11/22/24,Critical,Other,/code/external/libjpeg/6b/jchuff.c,jpeg_make_c_derived_tbl,Third Party/Open Source,Unclassified,tp_ext,2025-04-07,false,OVERRUN,125,Absent,Various,ATVI-CoD-trunk,196
27762,Out-of-bounds read,High,11/22/24,Critical,Other,/code/external/mcdsp/7.0/ML4000_Common_Activision/C_ML4_Calculator.cpp,Get_XOver,Third Party/Open Source,Unclassified,,,false,OVERRUN,125,Absent,Various,ATVI-CoD-trunk,Various
27766,Out-of-bounds access,High,11/22/24,Critical,Other,/code/src/game_iw9/bgame/bg_player_collision.cpp,PM_ResolveCharacterCollision,Production,False Positive,,2025-03-31,false,OVERRUN,119,Absent,Various,ATVI-CoD-trunk,2298
27768,Out-of-bounds access,High,11/22/24,Critical,Other,/code/src/game_iw9/cgame/cg_weapon_motion.cpp,GetViewModelAlignOffsetByWeaponMode,Production,False Positive,,2025-03-28,false,OVERRUN,119,Absent,Various,ATVI-CoD-trunk,1132
27770,Out-of-bounds access,High,11/22/24,Critical,Other,/code/src/gfx/r_universe.cpp,R_Universe_UpdateLightingZone0Bounds,Production,False Positive,,2024-12-11,false,OVERRUN,119,Absent,Various,ATVI-CoD-trunk,6305
27771,Out-of-bounds read,High,11/22/24,Critical,Other,/code/src/game_iw9/bgame/asm/bg_player_asm_util.cpp,BG_PlayerASM_IsTransitionQuadrant,Production,Suspicious,,2025-04-09,false,OVERRUN,125,Absent,Various,ATVI-CoD-trunk,3257
27774,Out-of-bounds access,High,11/22/24,Critical,Other,/code/src/gfx/r_pbg.cpp,Pbg_FindActiveBasePbgGfxWorld,Production,False Positive,,2024-12-11,false,OVERRUN,119,Absent,Various,ATVI-CoD-trunk,2317
27775,Out-of-bounds access,High,11/22/24,Critical,Other,/code/src/game_iw9/cgame/cg_weapon_motion.cpp,GetViewModelAlignOffsetByWeaponMode,Production,False Positive,,2025-03-28,false,OVERRUN,119,Absent,Various,ATVI-CoD-trunk,1164
27779,Out-of-bounds access,High,11/22/24,Critical,Other,/code/src/game_shared/bgame/bg_meatshield.cpp,BG_MeatShield_UpdateHideVictimPartBits,Production,False Positive,,2024-12-04,false,OVERRUN,119,Absent,Various,ATVI-CoD-trunk,1093
27782,Out-of-bounds read,High,11/22/24,Critical,Other,/code/src/gfx/r_taskgraph_compile_heap.cpp.h,Alloc,Production,False Positive,,2024-12-04,false,OVERRUN,125,Absent,Various,ATVI-CoD-trunk,713
27783,Out-of-bounds read,High,11/22/24,Critical,Other,/code/external/mcdsp/7.0/ML4000_Common_Activision/C_ML4_Calculator.cpp,Get_XOver,Third Party/Open Source,Unclassified,,,false,OVERRUN,125,Absent,Various,ATVI-CoD-trunk,Various
27789,Use after free,High,11/26/24,Critical,Other,/code/libs/DemonwareClient/bdcore/bdReference/bdUniquePtr.h,operator (),Third Party/Open Source,Unclassified,,,false,USE_AFTER_FREE,416,Absent,Various,ATVI-CoD-trunk,Various
27795,Use after free,High,11/26/24,Critical,Other,/code/external/rapidjson/include/rapidjson/document.h,operator =,Third Party/Open Source,Unclassified,,,false,USE_AFTER_FREE,416,Absent,Various,ATVI-CoD-trunk,809
27797,Use after free,High,11/26/24,Critical,Other,/code/common/libs/SoundCore/SoundCore/snd_memory.h,Free,Production,False Positive,,2024-12-04,false,USE_AFTER_FREE,416,Absent,Various,ATVI-CoD-trunk,132
27801,Out-of-bounds read,High,11/26/24,Critical,Other,/code/src/gfx/r_amd_ffx_sdk_impl.h,FSR_Upscaler_QuerySupportedVersions,Production,Not Exploitable,,2024-12-03,false,OVERRUN,125,Absent,Various,ATVI-CoD-trunk,298
27822,Out-of-bounds access,High,12/04/24,Critical,Other,/code/src/scriptable/scriptable_game_bg.cpp,ScriptableBg_RunStateEventHideShowBoneOnDObjModels,Production,False Positive,,2025-03-27,false,OVERRUN,119,Absent,Various,ATVI-CoD-trunk,1663
28360,Out-of-bounds access,High,12/04/24,Critical,Other,/vendor/visual_studio/17.14.36119.2/windows_kits/10/Include/10.0.26100.0/ucrt/stdio.h,vsprintf,Third Party/Open Source,Unclassified,,,false,OVERRUN,119,Absent,Various,ATVI-CoD-trunk,1474
28850,Out-of-bounds access,High,12/13/24,Critical,Other,/code/src/scriptable/scriptable_game_cl.cpp,ScriptableCl_RemoveMaterialReplacements,Production,Not Exploitable,,2025-01-09,false,OVERRUN,119,Absent,Various,ATVI-CoD-trunk,980
28856,Out-of-bounds access,High,12/13/24,Critical,Other,/code/src/scriptable/scriptable_game_cl.cpp,ScriptableCl_ApplyMaterialReplacementComponent,Production,Not Exploitable,,2025-01-09,false,OVERRUN,119,Absent,Various,ATVI-CoD-trunk,905
29025,Out-of-bounds read,High,01/24/25,Critical,Other,/code/src/dynentity/DynEntity_spatial.cpp,DynEntCL_Spatial_FindPartitionForDynEnt,Production,Suspicious,,2025-04-09,false,OVERRUN,125,Absent,Various,ATVI-CoD-trunk,Various
29030,Out-of-bounds read,High,01/24/25,Critical,Other,/code/src/game_shared/game/common_item/g_common_item.cpp,G_CommonItem_DisableOverlappingCoverNodesForInstance,Production,Suspicious,,2025-04-09,false,OVERRUN,125,Absent,Various,ATVI-CoD-trunk,366
29039,Out-of-bounds access,High,01/29/25,Critical,Other,/code/src/gfx/r_universe.cpp,R_Universe_MergeWorldGenericVolumes,Production,False Positive,,2025-03-11,false,OVERRUN,119,Absent,Various,ATVI-CoD-trunk,6698
29043,Out-of-bounds read,High,01/29/25,Critical,Other,/code/src/mapVoxelizedState/MapVoxelizedState_RingBufferReceive.cpp,MapVoxelizedState_RingBufferReceive_ReadStaleSnapshot,Production,Suspicious,,2025-04-09,false,OVERRUN,125,Absent,Various,ATVI-CoD-trunk,Various
29068,Out-of-bounds access,High,02/05/25,Critical,Other,/code/src/online/online_battlepass.cpp,Reset,Production,Not Exploitable,cov_sus,2025-04-07,false,OVERRUN,119,Absent,Various,ATVI-CoD-trunk,1610
29074,Out-of-bounds read,High,02/05/25,Critical,Other,/code/src/matrixvm/matrixvm.inl,ECALL,Production,Not Exploitable,cov_sus,2025-04-07,false,OVERRUN,125,Absent,Various,ATVI-CoD-trunk,201
29075,Out-of-bounds access,High,02/05/25,Critical,Other,/code/src/gfx/r_frustum_lights.cpp,R_FL_UpdateShadowPriorityHints,Production,Not Exploitable,cov_sus,2025-04-07,false,OVERRUN,119,Absent,Various,ATVI-CoD-trunk,871
29079,Out-of-bounds access,High,02/05/25,Critical,Other,/code/external/luajit/2.1.0-beta3/src/lj_parse.c,parse_func,Third Party/Open Source,Unclassified,,2025-02-25,false,OVERRUN,119,Absent,Various,ATVI-CoD-trunk,2583
29134,Out-of-bounds write,High,02/10/25,Critical,Other,/code/src/gfx/r_taskgraph_compile_barriers.cpp.h,R_TG_Barrier2_FlushElements,Production,Suspicious,AI,2025-03-19,false,OVERRUN,119,Absent,Various,ATVI-CoD-trunk,929
29137,Out-of-bounds access,High,02/10/25,Critical,Other,/code/src/physics/Private/Core/PhysicsRT_Ref.cpp,PhysicsRT_GetEntityNum,Production,Suspicious,,2025-04-09,false,OVERRUN,119,Absent,Various,ATVI-CoD-trunk,Various
29160,Out-of-bounds write,High,02/25/25,Critical,Other,/code/src/database/db_zones.cpp,DB_Zones_BeginZoneLoad,Production,Suspicious,index_overrun,2025-04-15,false,OVERRUN,119,Absent,Various,ATVI-CoD-trunk,1961
29171,Out-of-bounds access,High,02/25/25,Critical,Other,/code/src/database/db_zones.cpp,DB_Zones_BeginZoneLoad,Production,Suspicious,,2025-04-09,false,OVERRUN,119,Absent,Various,ATVI-CoD-trunk,2006
29172,Out-of-bounds access,High,02/25/25,Critical,Other,/code/src/gfx/r_universe.cpp,R_Universe_PublishNewlyLoadedWorlds,Production,False Positive,,2025-03-11,false,OVERRUN,119,Absent,Various,ATVI-CoD-trunk,8937
29186,Out-of-bounds access,High,03/05/25,Critical,Other,/code/src/online/online_store.cpp,HandleStorefrontDownloadComplete,Production,Not Exploitable,cov_sus,2025-04-07,false,OVERRUN,119,Absent,Various,ATVI-CoD-trunk,412
29193,Out-of-bounds write,High,03/05/25,Critical,Other,/code/src/gfx/r_nlg_atlas.cpp,AllocateAtlasZone,Production,Suspicious,,2025-03-11,false,OVERRUN,119,Absent,Various,ATVI-CoD-trunk,1143
29213,Use after free,High,03/17/25,Critical,Other,/code/external/NavPower/src/bfxPlanner/bfxAreas.cpp,BuildDynAreaData,Third Party/Open Source,Unclassified,tp_ext,2025-04-07,false,USE_AFTER_FREE,416,Absent,Various,ATVI-CoD-trunk,3095
29214,Out-of-bounds access,High,03/17/25,Critical,Other,/code/external/NavPower/src/bfxPlanner3D/bfxPath3D.cpp,CalcNextCorner3D,Third Party/Open Source,Unclassified,tp_ext,2025-04-07,false,OVERRUN,119,Absent,Various,ATVI-CoD-trunk,843
29216,Out-of-bounds access,High,03/17/25,Critical,Other,/code/external/NavPower/src/bfxSystem/dlmalloc.cpp,mspace_calloc,Third Party/Open Source,Suspicious,tp_ext,2025-04-07,false,OVERRUN,119,Absent,Various,ATVI-CoD-trunk,3767
29218,Write to pointer after free,High,03/17/25,Critical,Other,/code/external/NavPower/src/bfxSystem/dlmalloc.cpp,release_unused_segments,Third Party/Open Source,Unclassified,tp_ext,2025-04-07,false,USE_AFTER_FREE,416,Absent,Various,ATVI-CoD-trunk,2957
29222,Copy into fixed size buffer,Low,03/17/25,Critical,Other,/code/external/NavPower/src/bfxMover/bfxMoverUtils.cpp,GetStateDesc,Third Party/Open Source,Unclassified,tp_ext,2025-04-07,false,STRING_OVERFLOW,120,Absent,Various,ATVI-CoD-trunk,776
29224,Out-of-bounds access,High,03/17/25,Critical,Other,/code/external/NavPower/src/bfxPlanner3D/bfxPath3D.cpp,UpdatePortalPos,Third Party/Open Source,Unclassified,tp_ext,2025-04-07,false,OVERRUN,119,Absent,Various,ATVI-CoD-trunk,256
29230,Use after free,High,03/17/25,Critical,Other,/code/external/NavPower/src/bfxPlanner/bfxNavGraph.cpp,~NavGraph,Third Party/Open Source,Unclassified,tp_ext,2025-04-07,false,USE_AFTER_FREE,416,Absent,Various,ATVI-CoD-trunk,4649
29231,Out-of-bounds read,High,03/17/25,Critical,Other,/code/external/NavPower/src/bfxPlanner/bfxNavGraph.cpp,CreateAllocatedAreasInNavGraphHole,Third Party/Open Source,Unclassified,tp_ext,2025-04-07,false,OVERRUN,125,Absent,Various,ATVI-CoD-trunk,3003
29232,Use after free,High,03/17/25,Critical,Other,/code/external/NavPower/src/bfxSystem/dlmalloc.cpp,win32munmap,Third Party/Open Source,Unclassified,tp_ext,2025-04-07,false,USE_AFTER_FREE,416,Absent,Various,ATVI-CoD-trunk,825
29234,Out-of-bounds access,High,03/19/25,Critical,Other,/code/src/game_iw9/game/ai/ai_scr.cpp,AIScr_AISpawnDirectorSetSubZoneTag,Production,Not Exploitable,,2025-03-21,false,OVERRUN,119,Absent,Various,ATVI-CoD-trunk,Various
29238,Out-of-bounds write,High,03/19/25,Critical,Other,/code/src/game_iw9/game_mp/g_client_script_cmd_mp.cpp,PlayerCmd_SetClientExtraSuper,Production,Not Exploitable,,2025-03-21,false,OVERRUN,119,Absent,Various,ATVI-CoD-trunk,6190
29241,Out-of-bounds write,High,03/19/25,Critical,Other,/code/src/game_iw9/game/g_missile.cpp,Scr_MissileCreateRepulsorEnt,Production,Not Exploitable,,2025-03-21,false,OVERRUN,119,Absent,Various,ATVI-CoD-trunk,Various
29242,Out-of-bounds access,High,03/19/25,Critical,Other,/code/src/game_iw9/game/ai/ai_scr.cpp,OnScrCmd_SetStealthState,Production,Not Exploitable,,2025-03-21,false,OVERRUN,119,Absent,Various,ATVI-CoD-trunk,18000
29243,Out-of-bounds write,High,03/19/25,Critical,Other,/code/src/game_iw9/game/g_missile.cpp,Scr_MissileCreateRepulsorOrigin,Production,Not Exploitable,,2025-03-21,false,OVERRUN,119,Absent,Various,ATVI-CoD-trunk,Various
29247,Out-of-bounds read,High,03/19/25,Critical,Other,/code/src/game_iw9/game/g_targets.cpp,Scr_Target_DrawSquare,Production,Not Exploitable,,2025-03-21,false,OVERRUN,125,Absent,Various,ATVI-CoD-trunk,Various
29249,Out-of-bounds access,High,03/19/25,Critical,Other,/code/src/game_shared/game/vehicles/g_vehicle_script.cpp,G_VehicleScriptCmd_VehicleGetInputValue,Production,Not Exploitable,,2025-03-21,false,OVERRUN,119,Absent,Various,ATVI-CoD-trunk,10077
29250,Out-of-bounds access,High,03/19/25,Critical,Other,/code/src/game_iw9/game/ai/ai_scr.cpp,AIScr_AISpawnDirectorCheckSubZoneTag,Production,Not Exploitable,,2025-03-21,false,OVERRUN,119,Absent,Various,ATVI-CoD-trunk,7282
29251,Out-of-bounds write,High,03/19/25,Critical,Other,/code/src/game_iw9/game/g_missile.cpp,Scr_MissileCreateAttractorOrigin,Production,Not Exploitable,,2025-03-21,false,OVERRUN,119,Absent,Various,ATVI-CoD-trunk,Various
29254,Out-of-bounds access,High,03/19/25,Critical,Other,/code/src/game_iw9/game/g_turret.cpp,G_Turret_ScrSnapToTarget,Production,False Positive,AI,2025-03-21,false,OVERRUN,119,Absent,Various,ATVI-CoD-trunk,Various
29255,Out-of-bounds access,High,03/19/25,Critical,Other,/code/src/online/online_store.cpp,HandleStorefrontDownloadComplete,Production,Not Exploitable,cov_sus,2025-04-07,false,OVERRUN,119,Absent,Various,ATVI-CoD-trunk,412
29256,Out-of-bounds read,High,03/19/25,Critical,Other,/code/src/game_shared/game_mp/vehicles/g_vehicle_script_mp.cpp,GScr_Vehicle_GetSticker,Production,Not Exploitable,,2025-03-21,false,OVERRUN,125,Absent,Various,ATVI-CoD-trunk,771
29257,Out-of-bounds read,High,03/19/25,Critical,Other,/code/src/game_iw9/game/g_targets.cpp,Scr_Target_SetOffscreenShader,Production,Not Exploitable,,2025-03-21,false,OVERRUN,125,Absent,Various,ATVI-CoD-trunk,Various
29259,Out-of-bounds read,High,03/19/25,Critical,Other,/code/src/server_sp/sv_transients_sp.cpp,Scr_TransientsSP_UnloadTransient,Production,Not Exploitable,,2025-03-21,false,OVERRUN,125,Absent,Various,ATVI-CoD-trunk,1298
29260,Out-of-bounds access,High,03/19/25,Critical,Other,/code/src/server_sp/sv_transients_sp.cpp,Scr_TransientsSP_UnloadTransient,Production,Not Exploitable,,2025-03-21,false,OVERRUN,119,Absent,Various,ATVI-CoD-trunk,1316
29261,Out-of-bounds read,High,03/19/25,Critical,Other,/code/src/game_iw9/game/g_targets.cpp,Scr_Target_SetMinSize,Production,Not Exploitable,,2025-03-21,false,OVERRUN,125,Absent,Various,ATVI-CoD-trunk,Various
29265,Out-of-bounds read,High,03/19/25,Critical,Other,/code/src/game_iw9/game/g_targets.cpp,Scr_Target_OffsetLocalSpace,Production,Not Exploitable,,2025-03-21,false,OVERRUN,125,Absent,Various,ATVI-CoD-trunk,Various
29266,Out-of-bounds access,High,03/19/25,Critical,Other,/code/src/game_iw9/game/g_scr_main.cpp,GScr_GetGestureAnimLength,Production,Not Exploitable,,2025-03-21,false,OVERRUN,119,Absent,Various,ATVI-CoD-trunk,31621
29267,Out-of-bounds read,High,03/19/25,Critical,Other,/code/src/game_iw9/game/g_targets.cpp,Scr_Target_SetShader,Production,Not Exploitable,,2025-03-21,false,OVERRUN,125,Absent,Various,ATVI-CoD-trunk,Various
29268,Out-of-bounds access,High,03/19/25,Critical,Other,/code/src/game_iw9/game/g_scr_main.cpp,ScrCmd_GetPlayerLightLevel,Production,Not Exploitable,,2025-03-21,false,OVERRUN,119,Absent,Various,ATVI-CoD-trunk,52618
29270,Out-of-bounds read,High,03/19/25,Critical,Other,/code/src/game_iw9/game/g_targets.cpp,Scr_Target_SetJavelinOnly,Production,Not Exploitable,,2025-03-21,false,OVERRUN,125,Absent,Various,ATVI-CoD-trunk,Various
29272,Out-of-bounds access,High,03/19/25,Critical,Other,/code/src/db_generated/archive/db_archive_load.h,Load_XAnimDeltaPartQuatData2,Production,False Positive,,2025-03-27,false,OVERRUN,119,Absent,Various,ATVI-CoD-trunk,134639
29275,Out-of-bounds read,High,03/19/25,Critical,Other,/code/src/game_iw9/game/g_targets.cpp,Scr_Target_SetDelay,Production,Not Exploitable,,2025-03-21,false,OVERRUN,125,Absent,Various,ATVI-CoD-trunk,Various
29276,Out-of-bounds read,High,03/19/25,Critical,Other,/code/src/game_iw9/game/g_targets.cpp,Scr_Target_SetAttackMode,Production,Not Exploitable,,2025-03-21,false,OVERRUN,125,Absent,Various,ATVI-CoD-trunk,Various
29277,Out-of-bounds write,High,03/19/25,Critical,Other,/code/src/game_iw9/game/g_scr_main.cpp,ScrCmd_SetVehicleWartracksState,Production,Not Exploitable,,2025-03-21,false,OVERRUN,119,Absent,Various,ATVI-CoD-trunk,45267
29279,Out-of-bounds access,High,03/19/25,Critical,Other,/code/src/game_iw9/game/g_scr_main.cpp,GScr_TagExists,Production,False Positive,,2025-03-21,false,OVERRUN,119,Absent,Various,ATVI-CoD-trunk,29373
29280,Out-of-bounds read,High,03/19/25,Critical,Other,/code/src/game_iw9/game/g_targets.cpp,Scr_Target_DrawOnRadar,Production,Not Exploitable,,2025-03-21,false,OVERRUN,125,Absent,Various,ATVI-CoD-trunk,Various
29281,Out-of-bounds access,High,03/19/25,Critical,Other,/code/src/game_iw9/game/ai/ai_shoot.cpp,OnScrCmd_ShootCustomWeapon,Production,Not Exploitable,"AI,AI",2025-03-21,false,OVERRUN,119,Absent,Various,ATVI-CoD-trunk,2173
29284,Out-of-bounds access,High,03/19/25,Critical,Other,/code/src/game_iw9/game/g_scr_main.cpp,GScr_IsGestureLooped,Production,Not Exploitable,,2025-03-21,false,OVERRUN,119,Absent,Various,ATVI-CoD-trunk,31757
29289,Out-of-bounds read,High,03/19/25,Critical,Other,/code/src/game_iw9/game/g_targets.cpp,Scr_Target_DrawSingle,Production,Not Exploitable,,2025-03-21,false,OVERRUN,125,Absent,Various,ATVI-CoD-trunk,Various
29290,Out-of-bounds read,High,03/19/25,Critical,Other,/code/src/game_iw9/game/g_scr_main.cpp,ScrCmd_GetAttachTagName,Production,Not Exploitable,,2025-03-21,false,OVERRUN,125,Absent,Various,ATVI-CoD-trunk,12161
29291,Out-of-bounds read,High,03/19/25,Critical,Other,/code/src/game_iw9/game/g_targets.cpp,Scr_Target_SetColor,Production,Not Exploitable,,2025-03-21,false,OVERRUN,125,Absent,Various,ATVI-CoD-trunk,Various
29293,Out-of-bounds write,High,03/19/25,Critical,Other,/code/src/game_iw9/game/g_scr_main.cpp,ScrCmd_ItemWeaponSetAmmo,Production,Not Exploitable,,2025-03-21,false,OVERRUN,119,Absent,Various,ATVI-CoD-trunk,Various
29295,Out-of-bounds read,High,03/19/25,Critical,Other,/code/src/game_iw9/game/g_missile.cpp,Scr_MissileDeleteAttractor,Production,Not Exploitable,,2025-03-21,false,OVERRUN,125,Absent,Various,ATVI-CoD-trunk,1425
29296,Out-of-bounds access,High,03/19/25,Critical,Other,/code/src/game_iw9/bgame/bg_scr_main.cpp,BGScr_ModelHasTag,Production,Not Exploitable,,2025-03-21,false,OVERRUN,119,Absent,Various,ATVI-CoD-trunk,6698
29297,Out-of-bounds read,High,03/19/25,Critical,Other,/code/src/game_iw9/game/g_targets.cpp,Scr_Target_SetScaledRenderMode,Production,Not Exploitable,,2025-03-21,false,OVERRUN,125,Absent,Various,ATVI-CoD-trunk,Various
29299,Out-of-bounds access,High,03/19/25,Critical,Other,/code/src/game_iw9/game/g_scr_main.cpp,GScr_GetGestureNotetrackTimes,Production,Not Exploitable,,2025-03-21,false,OVERRUN,119,Absent,Various,ATVI-CoD-trunk,31929
29301,Out-of-bounds read,High,03/19/25,Critical,Other,/code/src/game_iw9/game/g_targets.cpp,Scr_Target_SetRadarCenter,Production,Not Exploitable,,2025-03-21,false,OVERRUN,125,Absent,Various,ATVI-CoD-trunk,Various
29302,Out-of-bounds read,High,03/19/25,Critical,Other,/code/src/game_iw9/game/g_targets.cpp,ScrGetTargetScreenPos,Production,Not Exploitable,,2025-03-21,false,OVERRUN,125,Absent,Various,ATVI-CoD-trunk,Various
29303,Out-of-bounds write,High,03/19/25,Critical,Other,/code/src/game_iw9/game/g_targets.cpp,Scr_Target_Alloc,Production,Not Exploitable,,2025-04-07,false,OVERRUN,119,Absent,Various,ATVI-CoD-trunk,481
29304,Out-of-bounds access,High,03/19/25,Critical,Other,/code/src/game_iw9/game/g_objectives.cpp,Scr_Objective_SetLocation,Production,Not Exploitable,,2025-03-21,false,OVERRUN,119,Absent,Various,ATVI-CoD-trunk,Various
29305,Out-of-bounds access,High,03/19/25,Critical,Other,/code/src/script/scr_readwrite.cpp,Scr_DoLoadEntity,Production,Suspicious,,2025-04-08,false,OVERRUN,119,Absent,Various,ATVI-CoD-trunk,1328
29306,Out-of-bounds read,High,03/19/25,Critical,Other,/code/src/game_iw9/game/nav_query.cpp,Nav_CalcAreaBoundsAndArea,Production,Not Exploitable,,2025-04-15,false,OVERRUN,125,Absent,Various,ATVI-CoD-trunk,Various
29307,Out-of-bounds read,High,03/19/25,Critical,Other,/code/src/game_iw9/game/g_targets.cpp,Scr_Target_DrawRotated,Production,Not Exploitable,,2025-03-21,false,OVERRUN,125,Absent,Various,ATVI-CoD-trunk,Various
29308,Out-of-bounds write,High,03/19/25,Critical,Other,/code/src/game_iw9/game/g_damage_parts.cpp,AddDamagePart,Production,Not Exploitable,,2025-03-21,false,OVERRUN,119,Absent,Various,ATVI-CoD-trunk,Various
29309,Out-of-bounds read,High,03/19/25,Critical,Other,/code/src/server_sp/sv_transients_sp.cpp,Scr_TransientsSP_LoadTransient,Production,Not Exploitable,,2025-03-21,false,OVERRUN,125,Absent,Various,ATVI-CoD-trunk,1222
29310,Out-of-bounds read,High,03/19/25,Critical,Other,/code/src/game_iw9/game/g_scr_main.cpp,ScrCmd_GetAttachModelName,Production,Not Exploitable,,2025-03-21,false,OVERRUN,125,Absent,Various,ATVI-CoD-trunk,12127
29312,Out-of-bounds read,High,03/19/25,Critical,Other,/code/src/game_iw9/game/g_targets.cpp,Scr_Target_SetPlayerVisibility,Production,Not Exploitable,,2025-03-21,false,OVERRUN,125,Absent,Various,ATVI-CoD-trunk,Various
29316,Out-of-bounds access,High,03/19/25,Critical,Other,/code/src/game_iw9/game_mp/g_scr_main_mp.cpp,GScr_MainMP_IsEnumValueValid,Production,Suspicious,,2025-04-09,false,OVERRUN,119,Absent,Various,ATVI-CoD-trunk,10256
29318,Out-of-bounds access,High,03/19/25,Critical,Other,/code/src/game_iw9/game/g_scr_weapon.cpp,GScr_Weapon_SetWeapon,Production,Suspicious,,2025-04-08,false,OVERRUN,119,Absent,Various,ATVI-CoD-trunk,3785
29319,Out-of-bounds write,High,03/19/25,Critical,Other,/code/src/game_iw9/bgame/bg_scr_main.cpp,BGScr_StrTok,Production,Not Exploitable,,2025-03-21,false,OVERRUN,119,Absent,Various,ATVI-CoD-trunk,Various
29322,Out-of-bounds access,High,03/19/25,Critical,Other,/code/src/db_generated/archive/db_archive_preload.h,Preload_XAnimDeltaPartQuatData2,Production,False Positive,,2025-03-27,false,OVERRUN,119,Absent,Various,ATVI-CoD-trunk,142699
29327,Out-of-bounds access,High,03/19/25,Critical,Other,/code/src/game_iw9/game/g_objectives.cpp,Scr_Objective_GetLocation,Production,Not Exploitable,,2025-03-21,false,OVERRUN,119,Absent,Various,ATVI-CoD-trunk,1666
29330,Out-of-bounds read,High,03/19/25,Critical,Other,/code/src/server_sp/sv_transients_sp.cpp,Scr_TransientsSP_LoadStartPointTransients,Production,Not Exploitable,,2025-03-21,false,OVERRUN,125,Absent,Various,ATVI-CoD-trunk,1656
29331,Out-of-bounds write,High,03/19/25,Critical,Other,/code/src/game_iw9/bgame/bg_scr_main.cpp,BGScr_GetSubStr,Production,Not Exploitable,,2025-03-21,false,OVERRUN,119,Absent,Various,ATVI-CoD-trunk,Various
29333,Out-of-bounds read,High,03/19/25,Critical,Other,/code/src/game_iw9/bgame/bg_scr_main.cpp,BGScr_SetSavedDvar,Production,Suspicious,AI,2025-03-21,false,OVERRUN,125,Absent,Various,ATVI-CoD-trunk,7495
29334,Out-of-bounds access,High,03/19/25,Critical,Other,/code/src/game_iw9/game_mp/g_client_script_cmd_mp.cpp,PlayerCmd_GetCodcasterTeam,Production,Not Exploitable,,2025-03-21,false,OVERRUN,119,Absent,Various,ATVI-CoD-trunk,Various
29338,Out-of-bounds access,High,03/19/25,Critical,Other,/code/src/game_iw9/game/g_scr_main.cpp,GScr_ForcePlayGestureViewmodel,Production,Not Exploitable,,2025-03-21,false,OVERRUN,119,Absent,Various,ATVI-CoD-trunk,31402
29339,Out-of-bounds read,High,03/19/25,Critical,Other,/code/src/game_iw9/game/g_targets.cpp,Scr_Target_DrawCornersOnly,Production,Not Exploitable,,2025-03-21,false,OVERRUN,125,Absent,Various,ATVI-CoD-trunk,Various
29343,Out-of-bounds access,High,03/19/25,Critical,Other,/code/src/server_sp/sv_transients_sp.cpp,Scr_TransientsSP_LoadTransient,Production,Not Exploitable,,2025-03-21,false,OVERRUN,119,Absent,Various,ATVI-CoD-trunk,1248
29345,Out-of-bounds access,High,03/19/25,Critical,Other,/code/src/db_generated/archive/db_archive_preload.h,Preload_XAnimDeltaPartQuatData,Production,False Positive,,2025-03-27,false,OVERRUN,119,Absent,Various,ATVI-CoD-trunk,142805
29348,Out-of-bounds read,High,03/19/25,Critical,Other,/code/src/game_iw9/game/g_targets.cpp,Scr_Target_SetMaxSize,Production,Not Exploitable,,2025-03-21,false,OVERRUN,125,Absent,Various,ATVI-CoD-trunk,Various
29350,Out-of-bounds write,High,03/19/25,Critical,Other,/code/src/game_iw9/game_mp/g_client_script_cmd_mp.cpp,PlayerCmd_SetCodcasterStat,Production,Not Exploitable,,2025-03-21,false,OVERRUN,119,Absent,Various,ATVI-CoD-trunk,6872
29352,Out-of-bounds read,High,03/19/25,Critical,Other,/code/src/server_sp/sv_transients_sp.cpp,Scr_TransientsSP_UnloadTransient,Production,Not Exploitable,,2025-03-21,false,OVERRUN,125,Absent,Various,ATVI-CoD-trunk,1306
29359,Out-of-bounds write,High,03/19/25,Critical,Other,/code/src/game_iw9/game/g_damage_parts.cpp,AddDamagePart,Production,Not Exploitable,,2025-03-21,false,OVERRUN,119,Absent,Various,ATVI-CoD-trunk,457
29360,Out-of-bounds write,High,03/19/25,Critical,Other,/code/src/game_iw9/game_mp/g_client_script_cmd_mp.cpp,PlayerCmd_SetCodcasterStat,Production,Not Exploitable,,2025-03-20,false,OVERRUN,119,Absent,Various,ATVI-CoD-trunk,6906
29365,Out-of-bounds write,High,03/19/25,Critical,Other,/code/src/game_shared/game_mp/vehicles/g_vehicle_script_mp.cpp,GScr_Vehicle_ClearSticker,Production,Not Exploitable,,2025-03-20,false,OVERRUN,119,Absent,Various,ATVI-CoD-trunk,737
29366,Out-of-bounds access,High,03/19/25,Critical,Other,/code/src/server_sp/sv_transients_sp.cpp,Scr_TransientsSP_LoadStartPointTransients,Production,Not Exploitable,,2025-03-20,false,OVERRUN,119,Absent,Various,ATVI-CoD-trunk,1666
29367,Out-of-bounds access,High,03/19/25,Critical,Other,/code/src/db_generated/archive/db_archive_load.h,Load_XAnimPartTransData,Production,False Positive,,2025-03-27,false,OVERRUN,119,Absent,Various,ATVI-CoD-trunk,138915
29368,Out-of-bounds write,High,03/19/25,Critical,Other,/code/src/game_iw9/game/g_scr_main.cpp,G_ScrMain_FrontEndSceneCameraCharacters,Production,Not Exploitable,,2025-03-20,false,OVERRUN,119,Absent,Various,ATVI-CoD-trunk,47342
29369,Out-of-bounds write,High,03/19/25,Critical,Other,/code/src/game_iw9/game_mp/g_client_script_cmd_mp.cpp,PlayerCmd_SetCodcasterStat,Production,Not Exploitable,,2025-03-20,false,OVERRUN,119,Absent,Various,ATVI-CoD-trunk,6887
29371,Out-of-bounds access,High,03/19/25,Critical,Other,/code/src/game_iw9/game/ai/ai_scr.cpp,OnScrCmd_SetAIShootStyleOverrideForDistance,Production,False Positive,,2025-03-20,false,OVERRUN,119,Absent,Various,ATVI-CoD-trunk,19719
29374,Out-of-bounds access,High,03/19/25,Critical,Other,/code/src/game_iw9/game/g_objectives.cpp,Scr_Objective_UnsetLocation,Production,Not Exploitable,,2025-03-20,false,OVERRUN,119,Absent,Various,ATVI-CoD-trunk,1690
29375,Out-of-bounds write,High,03/19/25,Critical,Other,/code/src/game_iw9/game/g_missile.cpp,Scr_MissileCreateAttractorEnt,Production,Not Exploitable,,2025-03-20,false,OVERRUN,119,Absent,Various,ATVI-CoD-trunk,Various
29376,Out-of-bounds read,High,03/19/25,Critical,Other,/code/src/game_iw9/game/g_targets.cpp,Target_Alloc,Production,Suspicious,,2025-03-20,false,OVERRUN,125,Absent,Various,ATVI-CoD-trunk,Various
29378,Out-of-bounds access,High,03/19/25,Critical,Other,/code/src/game_iw9/game/g_scr_main.cpp,GScr_PlayGestureViewmodel,Production,Not Exploitable,,2025-03-20,false,OVERRUN,119,Absent,Various,ATVI-CoD-trunk,31256
29379,Out-of-bounds access,High,03/19/25,Critical,Other,/code/src/db_generated/archive/db_archive_preload.h,Preload_XAnimPartTransData,Production,False Positive,,2025-03-27,false,OVERRUN,119,Absent,Various,ATVI-CoD-trunk,147497
29380,Out-of-bounds access,High,03/19/25,Critical,Other,/code/src/game_iw9/game/ai/ai_scr.cpp,AIScr_AISpawnDirectorSetSubZoneEnabled,Production,Not Exploitable,,2025-03-20,false,OVERRUN,119,Absent,Various,ATVI-CoD-trunk,7369
29381,Out-of-bounds write,High,03/19/25,Critical,Other,/code/src/game_iw9/bgame/bg_scr_main.cpp,BGScr_StrTokSubstr,Production,Not Exploitable,,2025-03-20,false,OVERRUN,119,Absent,Various,ATVI-CoD-trunk,Various
29382,Out-of-bounds write,High,03/19/25,Critical,Other,/code/src/game_shared/game_mp/vehicles/g_vehicle_script_mp.cpp,GScr_Vehicle_SetSticker,Production,Not Exploitable,,2025-03-20,false,OVERRUN,119,Absent,Various,ATVI-CoD-trunk,716
29383,Out-of-bounds access,High,03/19/25,Critical,Other,/code/src/db_generated/archive/db_archive_load.h,Load_XAnimDeltaPartQuatData,Production,False Positive,,2025-03-27,false,OVERRUN,119,Absent,Various,ATVI-CoD-trunk,134739
29386,Out-of-bounds access,High,04/29/25,Critical,Other,/code/src/qcommon/keybinds.cpp,GetConflicts,Production,Suspicious,,2025-04-30,false,OVERRUN,119,Absent,Various,ATVI-CoD-trunk,295
29388,Out-of-bounds access,High,04/29/25,Critical,Other,/code/src/qcommon/keybinds.cpp,SetLinked,Production,Suspicious,,2025-04-30,false,OVERRUN,119,Absent,Various,ATVI-CoD-trunk,404
29390,Out-of-bounds access,High,04/29/25,Critical,Other,/code/common/libs/MathCore/MathCore/math_ops.cpp,TriDiagQL,Production,Suspicious,,2025-05-09,false,OVERRUN,119,Absent,Various,ATVI-CoD-trunk,Various
29397,Out-of-bounds access,High,04/29/25,Critical,Other,/code/src/qcommon/keybinds.cpp,SetLinked,Production,Suspicious,,2025-04-30,false,OVERRUN,119,Absent,Various,ATVI-CoD-trunk,Various
29404,Out-of-bounds access,High,04/29/25,Critical,Other,/code/src/game_iw9/cgame/cg_draw_pbg.cpp,CG_pbgPostFxBundleNightVisionThermalStopPreset,Production,Not Exploitable,,2025-05-05,false,OVERRUN,119,Absent,Various,ATVI-CoD-trunk,2171
29405,Out-of-bounds access,High,04/29/25,Critical,Other,/code/src/xanim/nodes/xanimnode_aimat_procedural.cpp,XAnimAimAtProcedural_Calc_UpdateBones,Production,False Positive,,2025-04-30,false,OVERRUN,119,Absent,Various,ATVI-CoD-trunk,Various
29406,Out-of-bounds access,High,04/29/25,Critical,Other,/code/src/game_iw9/cgame/cg_world_streaming.cpp,CG_WorldStreaming_TouchClientStreamManualViews,Production,Suspicious,,2025-05-08,false,OVERRUN,119,Absent,Various,ATVI-CoD-trunk,869
29408,Out-of-bounds access,High,04/29/25,Critical,Other,/code/external/harfbuzz-8.3.0/src/hb-bit-page.hh,next,Third Party/Open Source,Unclassified,,,false,OVERRUN,119,Absent,Various,ATVI-CoD-trunk,266
29409,Out-of-bounds read,High,04/29/25,Critical,Other,/code/external/icu-74.1/icu4c/source/common/uchar.cpp,uscript_getScript_75,Third Party/Open Source,Unclassified,,,false,OVERRUN,125,Absent,Various,ATVI-CoD-trunk,551
29410,Out-of-bounds read,High,04/29/25,Critical,Other,/code/external/luajit/2.1.0-beta3/src/lj_buf.c,lj_buf_puttab,Third Party/Open Source,Unclassified,,,false,OVERRUN,125,Absent,Various,ATVI-CoD-trunk,187
29411,Copy into fixed size buffer,Low,04/29/25,Critical,Other,/code/external/icu-74.1/icu4c/source/common/uresbund.cpp,entryOpen,Third Party/Open Source,Unclassified,,,false,STRING_OVERFLOW,120,Absent,Various,ATVI-CoD-trunk,893
29413,Out-of-bounds access,High,04/29/25,Critical,Other,/code/src/game_iw9/cgame/cg_snd_physics.cpp,SND_OccTraceSideStraight,Production,False Positive,cov_logic_error,2025-05-01,false,OVERRUN,119,Absent,Various,ATVI-CoD-trunk,534
29414,Out-of-bounds read,High,04/29/25,Critical,Other,/code/external/icu-74.1/icu4c/source/common/unames.cpp,u_charFromName_75,Third Party/Open Source,Unclassified,,,false,OVERRUN,125,Absent,Various,ATVI-CoD-trunk,Various
29415,Out-of-bounds access,High,04/29/25,Critical,Other,/code/src/client/cl_transients_visibility.cpp,CL_TransientsVisibility_FillVisibilityHintBitArray,Production,Suspicious,,2025-05-09,false,OVERRUN,119,Absent,Various,ATVI-CoD-trunk,89
29416,Out-of-bounds access,High,04/29/25,Critical,Other,/code/external/icu-74.1/icu4c/source/common/ucnv.cpp,ucnv_openU_75,Third Party/Open Source,Unclassified,,,false,OVERRUN,119,Absent,Various,ATVI-CoD-trunk,108
29417,Out-of-bounds read,High,04/29/25,Critical,Other,/code/external/icu-74.1/icu4c/source/common/umutablecptrie.cpp,setRange,Third Party/Open Source,Unclassified,,,false,OVERRUN,125,Absent,Various,ATVI-CoD-trunk,537
29419,Out-of-bounds read,High,04/29/25,Critical,Other,/code/external/icu-74.1/icu4c/source/common/ucnv_lmb.cpp,_LMBCSFromUnicode,Third Party/Open Source,Unclassified,,,false,OVERRUN,125,Absent,Various,ATVI-CoD-trunk,1028
29420,Out-of-bounds access,High,04/29/25,Critical,Other,/code/src/game_iw9/game/ai/ai_civilian_manager.cpp,AIScr_SetCivPropagationSettings,Production,Suspicious,getindex,2025-05-12,false,OVERRUN,119,Absent,Various,ATVI-CoD-trunk,706
29423,Out-of-bounds access,High,04/29/25,Critical,Other,/code/src/xpak/xpak_modify.cpp,XPak_Modify_AllocateAssetPart,Production,Not Exploitable,,2025-04-29,false,OVERRUN,119,Absent,Various,ATVI-CoD-trunk,3001
29424,Out-of-bounds read,High,04/29/25,Critical,Other,/code/external/icu-74.1/icu4c/source/common/ucnv2022.cpp,UConverter_toUnicode_ISO_2022_CN_OFFSETS_LOGIC,Third Party/Open Source,Unclassified,,,false,OVERRUN,125,Absent,Various,ATVI-CoD-trunk,3395
29425,Out-of-bounds read,High,04/29/25,Critical,Other,/code/external/icu-74.1/icu4c/source/common/uchar.cpp,uscript_getScriptExtensions_75,Third Party/Open Source,Unclassified,,,false,OVERRUN,125,Absent,Various,ATVI-CoD-trunk,602
29426,Out-of-bounds write,High,04/29/25,Critical,Other,/code/src/game_iw9/cgame/cg_draw_pbg.cpp,CG_pbgPostFxBundleNightVisionThermalStartPreset,Production,Not Exploitable,,2025-05-05,false,OVERRUN,119,Absent,Various,ATVI-CoD-trunk,Various
29427,Out-of-bounds access,High,04/29/25,Critical,Other,/code/src/client/cl_transients_visibility.cpp,CL_TransientsVisibility_FillVisibilityBitArray,Production,Suspicious,,2025-05-09,false,OVERRUN,119,Absent,Various,ATVI-CoD-trunk,76
29428,Copy into fixed size buffer,Low,04/29/25,Critical,Other,/code/external/icu-74.1/icu4c/source/common/brkiter.cpp,makeInstance,Third Party/Open Source,Unclassified,,,false,STRING_OVERFLOW,120,Absent,Various,ATVI-CoD-trunk,Various
29431,Out-of-bounds write,High,04/29/25,Critical,Other,/code/src/gfx/r_ui_clut.cpp,R_UiClut_ImageInitialize,Production,Not Exploitable,,2025-05-08,false,OVERRUN,119,Absent,Various,ATVI-CoD-trunk,90
29432,Copy into fixed size buffer,Low,04/29/25,Critical,Other,/code/external/icu-74.1/icu4c/source/common/locmap.cpp,uprv_convertToPosix_75,Third Party/Open Source,Unclassified,,,false,STRING_OVERFLOW,120,Absent,Various,ATVI-CoD-trunk,1106
29433,Out-of-bounds access,High,04/29/25,Critical,Other,/code/src/vfx/Particles/ParticleState.cpp,FX_CalcClosestPointOnBeam,Production,Not Exploitable,"cov_logic_error,demo",2025-05-12,false,OVERRUN,119,Absent,Various,ATVI-CoD-trunk,3264
29434,Out-of-bounds access,High,04/29/25,Critical,Other,/code/src/game_iw9/cgame_mp/cg_weapons_mp.cpp,BulletHitEvent_SimulateExit,Production,False Positive,,2025-04-30,false,OVERRUN,119,Absent,Various,ATVI-CoD-trunk,2626
29435,Out-of-bounds access,High,04/29/25,Critical,Other,/code/src/gfx/r_universe.cpp,R_Universe_GetWorldFromChecksum,Production,False Positive,,2025-04-30,false,OVERRUN,119,Absent,Various,ATVI-CoD-trunk,882
29436,Untrusted array index read,Medium,04/29/25,Critical,Other,/code/external/icu-74.1/icu4c/source/common/utext.cpp,utf8TextAccess,Third Party/Open Source,Unclassified,,,false,TAINTED_SCALAR,129,Absent,Various,ATVI-CoD-trunk,Various
29437,Out-of-bounds access,High,04/29/25,Critical,Other,/code/src/gfx/r_primarylights.cpp,R_AddSpotShadowUpdate,Production,False Positive,,2025-04-30,false,OVERRUN,119,Absent,Various,ATVI-CoD-trunk,2162
29439,Read from pointer after free,High,04/29/25,Critical,Other,/code/external/icu-74.1/icu4c/source/common/serv.cpp,getDisplayNames,Third Party/Open Source,Unclassified,,,false,USE_AFTER_FREE,416,Absent,Various,ATVI-CoD-trunk,778
29442,Copy into fixed size buffer,Low,04/29/25,Critical,Other,/code/external/icu-74.1/icu4c/source/common/ucurr.cpp,getCacheEntry,Third Party/Open Source,Unclassified,,,false,STRING_OVERFLOW,120,Absent,Various,ATVI-CoD-trunk,1517
29443,Out-of-bounds access,High,04/29/25,Critical,Other,/code/external/icu-74.1/icu4c/source/common/umutablecptrie.cpp,setRange,Third Party/Open Source,Unclassified,,,false,OVERRUN,119,Absent,Various,ATVI-CoD-trunk,547
29445,Out-of-bounds access,High,04/29/25,Critical,Other,/code/src/physics/Private/Havok/HavokPhysicsRT_Cage.cpp,HavokPhysicsRT_Cage_Create,Third Party/Open Source,Unclassified,,,false,OVERRUN,119,Absent,Various,ATVI-CoD-trunk,107
29446,Out-of-bounds read,High,04/29/25,Critical,Other,/code/src/game_iw9/game/ai/ai_movement.cpp,ShouldDoSharpTurn,Production,False Positive,,2025-05-08,false,OVERRUN,125,Absent,Various,ATVI-CoD-trunk,Various
29447,Copy into fixed size buffer,Low,04/29/25,Critical,Other,/code/external/icu-74.1/icu4c/source/common/uresbund.cpp,ures_appendResPath,Third Party/Open Source,Unclassified,,,false,STRING_OVERFLOW,120,Absent,Various,ATVI-CoD-trunk,1110
29448,Out-of-bounds read,High,04/29/25,Critical,Other,/code/src/win32/ImeUi.cpp,GetReadingString,Production,False Positive,cov_logic_error!,2025-05-08,false,OVERRUN,125,Absent,Various,ATVI-CoD-trunk,2203
29450,Untrusted array index read,Medium,04/29/25,Critical,Other,/code/external/icu-74.1/icu4c/source/common/utext.cpp,utf8TextMapIndexToUTF16,Third Party/Open Source,Unclassified,,,false,TAINTED_SCALAR,129,Absent,Various,ATVI-CoD-trunk,1562
29451,Untrusted loop bound,Medium,04/29/25,Critical,Other,/code/src/matrixvm/native_syscall/mx_nativesyscall_host.h,GetSymbolAddress,Production,Not Exploitable,,2025-05-12,false,TAINTED_SCALAR,606,Absent,Various,ATVI-CoD-trunk,353
29452,Copy into fixed size buffer,Low,04/29/25,Critical,Other,/code/external/icu-74.1/icu4c/source/common/uresbund.cpp,findFirstExisting,Third Party/Open Source,Unclassified,,,false,STRING_OVERFLOW,120,Absent,Various,ATVI-CoD-trunk,671
29453,Out-of-bounds access,High,04/29/25,Critical,Other,/code/src/game_iw9/bgame/bg_execution_util.cpp,BG_Execution_GetStreamCollectionForExecutionAnimType,Production,Suspicious,,2025-05-08,false,OVERRUN,119,Absent,Various,ATVI-CoD-trunk,2667
29455,Out-of-bounds access,High,04/29/25,Critical,Other,/code/src/gfx/r_material_pso.cpp,Material_CreateComputePipelineState,Production,Suspicious,,2025-05-12,false,OVERRUN,119,Absent,Various,ATVI-CoD-trunk,3920
29456,Out-of-bounds read,High,04/29/25,Critical,Other,/code/external/icu-74.1/icu4c/source/common/loclikelysubtags.cpp,getLikelyIndex,Third Party/Open Source,Unclassified,,,false,OVERRUN,125,Absent,Various,ATVI-CoD-trunk,807
29457,Out-of-bounds access,High,04/29/25,Critical,Other,/code/src/game_iw9/game/ai/ai_civilian_manager.cpp,AIScr_SetCivAutomaticStateTransitionSettings,Production,Suspicious,getindex,2025-05-12,false,OVERRUN,119,Absent,Various,ATVI-CoD-trunk,772
29459,Out-of-bounds access,High,04/29/25,Critical,Other,/code/src/game_iw9/game/ai/ai_scr.cpp,OnScrCmd_SetCivPerceptionTestSettings,Production,Not Exploitable,,2025-04-30,false,OVERRUN,119,Absent,Various,ATVI-CoD-trunk,5602
29462,Out-of-bounds access,High,04/29/25,Critical,Other,/code/src/game_iw9/cgame_mp/cg_weapons_mp.cpp,BulletImpactEffects,Production,Suspicious,,2025-05-01,false,OVERRUN,119,Absent,Various,ATVI-CoD-trunk,Various
29463,Out-of-bounds read,High,04/29/25,Critical,Other,/code/external/icu-74.1/icu4c/source/common/ucnv.cpp,ucnv_getNextUChar_75,Third Party/Open Source,Unclassified,,,false,OVERRUN,125,Absent,Various,ATVI-CoD-trunk,2034
29464,Out-of-bounds read,High,04/29/25,Critical,Other,/code/external/icu-74.1/icu4c/source/common/uchar.cpp,uscript_hasScript_75,Third Party/Open Source,Unclassified,,,false,OVERRUN,125,Absent,Various,ATVI-CoD-trunk,565
29465,Out-of-bounds read,High,04/29/25,Critical,Other,/code/external/icu-74.1/icu4c/source/common/ubidi.cpp,resolveExplicitLevels,Third Party/Open Source,Unclassified,,,false,OVERRUN,125,Absent,Various,ATVI-CoD-trunk,1279
29466,Untrusted array index read,Medium,04/29/25,Critical,Other,/code/external/icu-74.1/icu4c/source/common/utext.cpp,utf8TextMapOffsetToNative,Third Party/Open Source,Unclassified,,,false,TAINTED_SCALAR,129,Absent,Various,ATVI-CoD-trunk,1545
29467,Out-of-bounds access,High,04/29/25,Critical,Other,/code/src/online/online_userprofiles/online_userprofiles_ddlutils.cpp,ReadWeaponsCustomizationFromProfile,Production,Suspicious,,2025-04-30,false,OVERRUN,119,Absent,Various,ATVI-CoD-trunk,Various
29470,Out-of-bounds read,High,04/29/25,Critical,Other,/code/external/icu-74.1/icu4c/source/common/ucnv2022.cpp,UConverter_fromUnicode_ISO_2022_CN_OFFSETS_LOGIC,Third Party/Open Source,Unclassified,,,false,OVERRUN,125,Absent,Various,ATVI-CoD-trunk,3111
29508,Out-of-bounds write,High,05/07/25,Critical,Other,/code/src/gfx/r_secondary_lighting.cpp,AddLightmaps,Production,Suspicious,,2025-05-13,false,OVERRUN,119,Absent,Various,ATVI-CoD-trunk,Various
29532,Out-of-bounds write,High,05/14/25,Critical,Other,/code/src/gfx/r_secondary_lighting.cpp,AddLGVBlock,Production,Suspicious,,2025-05-15,false,OVERRUN,119,Absent,Various,ATVI-CoD-trunk,Various
29534,Out-of-bounds access,High,05/14/25,Critical,Other,/code/src/ragdoll/ragdoll_animation_pose.cpp,Ragdoll_AnimationPose_ExtractDObjInfo,Production,False Positive,,2025-05-15,false,OVERRUN,119,Absent,Various,ATVI-CoD-trunk,134
29535,Out-of-bounds access,High,05/14/25,Critical,Other,/code/src/game_iw9/cgame/cg_weapons.cpp,CG_BulletHitEffectCallback,Production,False Positive,,2025-05-15,false,OVERRUN,119,Absent,Various,ATVI-CoD-trunk,27640
29541,Out-of-bounds access,High,05/14/25,Critical,Other,/code/src/gfx/r_primarylights.cpp,R_ChooseShadowedLights,Production,False Positive,ai corrected,2025-05-15,false,OVERRUN,119,Absent,Various,ATVI-CoD-trunk,Various
29542,Out-of-bounds read,High,05/14/25,Critical,Other,/code/src/game_shared/bgame/bg_vectorfield_cpu_sampler.cpp,BG_VectorField_CPU_Sampler_Sample_Internal,Production,False Positive,,2025-05-15,false,OVERRUN,125,Absent,Various,ATVI-CoD-trunk,Various
29544,Out-of-bounds access,High,05/14/25,Critical,Other,/code/src/stream/stream_update.cpp,Stream_CombineDistanceImageToParts_Regular,Production,Suspicious,,2025-05-15,false,OVERRUN,119,Absent,Various,ATVI-CoD-trunk,Various
29545,Buffer not null terminated,High,05/14/25,Critical,Other,/code/src/online/creator/online_creator_dw.cpp,GetCreatorContext,Production,Suspicious,,2025-05-15,false,BUFFER_SIZE,170,Absent,Quality,ATVI-CoD-trunk,145
29546,Out-of-bounds access,High,05/14/25,Critical,Other,/code/src/game_iw9/bgame/bg_animation_mp.cpp,BG_AnimationMP_UpdateCharacterDObjBuild,Production,False Positive,,2025-05-15,false,OVERRUN,119,Absent,Various,ATVI-CoD-trunk,8835
29547,Out-of-bounds access,High,05/14/25,Critical,Other,/code/src/ragdoll/ragdoll_animation_pose.cpp,Ragdoll_AnimationPose_HandleAssetChange,Production,False Positive,,2025-05-15,false,OVERRUN,119,Absent,Various,ATVI-CoD-trunk,202
29550,Out-of-bounds read,High,05/14/25,Critical,Other,/code/src/game_shared/bgame/bg_vectorfield_cpu_sampler.cpp,BG_VectorField_CPU_Sampler_AddVectorfield_ProcessCell,Production,False Positive,,2025-05-15,false,OVERRUN,125,Absent,Various,ATVI-CoD-trunk,548
29553,Out-of-bounds write,High,05/21/25,Critical,Other,/code/src/gfx/r_taskgraph_compile.cpp,R_TG_ReserveResourceMemory,Production,Suspicious,,2025-05-28,false,OVERRUN,119,Absent,Various,ATVI-CoD-trunk,1434
29559,Untrusted divisor,Medium,05/28/25,Critical,Other,/code/external/opus/1.3.1/src/opus_compare.c,main,Third Party/Open Source,Unclassified,,,false,TAINTED_SCALAR,369,Absent,Various,ATVI-CoD-trunk,209
29560,Out-of-bounds write,High,05/28/25,Critical,Other,/code/external/opus/1.3.1/silk/enc_API.c,silk_Encode,Third Party/Open Source,Unclassified,,,false,OVERRUN,119,Absent,Various,ATVI-CoD-trunk,Various
29562,Out-of-bounds read,High,05/28/25,Critical,Other,/code/external/opus/1.3.1/silk/decode_indices.c,silk_decode_indices,Third Party/Open Source,Unclassified,,,false,OVERRUN,125,Absent,Various,ATVI-CoD-trunk,133
29566,Out-of-bounds read,High,05/28/25,Critical,Other,/code/external/opus/1.3.1/silk/enc_API.c,silk_Encode,Third Party/Open Source,Unclassified,,,false,OVERRUN,125,Absent,Various,ATVI-CoD-trunk,476
29573,Out-of-bounds read,High,05/28/25,Critical,Other,/code/external/opus/1.3.1/src/analysis.c,tonality_get_info,Third Party/Open Source,Unclassified,,,false,OVERRUN,125,Absent,Various,ATVI-CoD-trunk,Various
29576,Out-of-bounds access,High,05/28/25,Critical,Other,/code/src/lui/LUI_CoD_PlayerData.cpp,LUI_CoD_PlayerData_TriggerCallbackOnPlayerDataWrite,Production,Suspicious,,2025-05-28,false,OVERRUN,119,Absent,Various,ATVI-CoD-trunk,Various
29577,Out-of-bounds read,High,05/28/25,Critical,Other,/code/src/qcommon/com_gsp_partition.cpp,RemoveAllObjectsInCategory,Production,Suspicious,,2025-05-28,false,OVERRUN,125,Absent,Various,ATVI-CoD-trunk,3154
29578,Out-of-bounds read,High,05/28/25,Critical,Other,/code/src/dw/dwEnvironment.cpp,dwGetTitleIdsForFlavor,Production,Suspicious,,2025-05-28,false,OVERRUN,125,Absent,Various,ATVI-CoD-trunk,743
29579,Out-of-bounds read,High,05/28/25,Critical,Other,/code/src/qcommon/com_gsp_partition.cpp,RemoveObject,Production,Suspicious,,2025-05-28,false,OVERRUN,125,Absent,Various,ATVI-CoD-trunk,3115
29580,Illegal address computation,High,05/28/25,Critical,Other,/code/src/dw/dwEnvironment.cpp,dwRegisterEnvironmentDvars,Production,Suspicious,,2025-05-28,false,OVERRUN,119,Absent,Various,ATVI-CoD-trunk,693
29581,Out-of-bounds access,High,05/28/25,Critical,Other,/code/src/game_iw9/cgame/cg_weapons.cpp,CG_PlayViewModelBloodFX,Production,False Positive,,2025-05-28,false,OVERRUN,119,Absent,Various,ATVI-CoD-trunk,35512
29582,Out-of-bounds access,High,05/28/25,Critical,Other,/code/src/client/cl_player_data.cpp,CL_PlayerData_UpdateDDLChecksum,Production,Suspicious,,2025-05-28,false,OVERRUN,119,Absent,Various,ATVI-CoD-trunk,155
29583,Out-of-bounds access,High,05/28/25,Critical,Other,/code/src/client/cl_transients_world.cpp,CL_TransientsWorld_BuildDistrictToZoneTable,Production,False Positive,,2025-05-28,false,OVERRUN,119,Absent,Various,ATVI-CoD-trunk,5648
29584,Out-of-bounds access,High,05/28/25,Critical,Other,/code/src/game_iw9/cgame/cg_weapons.cpp,CG_PlayViewModelBloodFXGunMarkDecals,Production,False Positive,,2025-05-28,false,OVERRUN,119,Absent,Various,ATVI-CoD-trunk,Various
29585,Out-of-bounds access,High,05/28/25,Critical,Other,/code/src/gfx/r_pbg.cpp,GfxPbg_UpdateTimedBlendStates,Production,False Positive,,2025-05-28,false,OVERRUN,119,Absent,Various,ATVI-CoD-trunk,1984
29586,Out-of-bounds read,High,05/28/25,Critical,Other,/code/src/dw/dwEnvironment.cpp,dwGetEnvironmentFlavorForTitleId,Production,Suspicious,,2025-05-28,false,OVERRUN,125,Absent,Various,ATVI-CoD-trunk,801
29587,Out-of-bounds read,High,05/28/25,Critical,Other,/code/src/qcommon/com_gsp_partition.cpp,MoveObjectToPosition,Production,Suspicious,,2025-05-28,false,OVERRUN,125,Absent,Various,ATVI-CoD-trunk,3198
29612,Out-of-bounds access,High,06/03/25,Critical,Other,/code/src/game_iw9/cgame/cg_skydive.cpp,CG_Skydive_UpdateContrailVFX,Production,False Positive,,2025-06-03,false,OVERRUN,119,Absent,Various,ATVI-CoD-trunk,1108
29613,Untrusted pointer write,Medium,06/03/25,Critical,Other,/code/src/peripherals/streamdeck/streamdeck.cpp,StreamDeck_HandleRequest,Production,Suspicious,,2025-06-03,false,TAINTED_SCALAR,129,Absent,Various,ATVI-CoD-trunk,250
29614,Out-of-bounds access,High,06/03/25,Critical,Other,/code/src/game_iw9/cgame/cg_skydive.cpp,CG_Skydive_PlayWingsuitEffect,Production,False Positive,,2025-06-03,false,OVERRUN,119,Absent,Various,ATVI-CoD-trunk,1126
29615,Out-of-bounds write,High,06/10/25,Critical,Other,/code/src/xanim/xanim.cpp,XAnim_HitDet_GetTreeParametersInfo,Production,Suspicious,,2025-06-10,false,OVERRUN,119,Absent,Various,ATVI-CoD-trunk,17557
29620,Out-of-bounds read,High,06/18/25,Critical,Other,/code/src/game_iw9/game/ai/ai_civilian_reaction_manager.cpp,GetCivEventName,Production,Suspicious,,2025-06-18,false,OVERRUN,125,Absent,Various,ATVI-CoD-trunk,52
29621,Out-of-bounds access,High,06/18/25,Critical,Other,/code/src/game_iw9/cgame_mp/cg_servercmds_mp.cpp,CG_ServerCmdMP_ReadPlayerPersistentDataChanges_Direct_Access,Production,Suspicious,,2025-06-18,false,OVERRUN,119,Absent,Various,ATVI-CoD-trunk,Various
29622,Out-of-bounds access,High,06/18/25,Critical,Other,/code/src/game_iw9/bgame/bg_customization_mp.cpp,BG_Customization_SetRandomCustomization,Production,Suspicious,,2025-06-18,false,OVERRUN,119,Absent,Various,ATVI-CoD-trunk,1410
29623,Out-of-bounds access,High,06/18/25,Critical,Other,/code/src/physics/Private/Havok/HavokPhysicsRT_World.cpp,HavokPhysicsRT_InstantiateAsset,Third Party/Open Source,Suspicious,,2025-06-18,false,OVERRUN,119,Absent,Various,ATVI-CoD-trunk,1176
29624,Out-of-bounds access,High,06/18/25,Critical,Other,/code/src/physics/Private/Havok/HavokPhysicsRT_World.cpp,HavokPhysicsRT_InstantiateAssetBody,Third Party/Open Source,Suspicious,,2025-06-18,false,OVERRUN,119,Absent,Various,ATVI-CoD-trunk,1852
29626,Out-of-bounds access,High,06/18/25,Critical,Other,/code/src/xanim/nodes/xanimnode_lookat_procedural.cpp,XAnimLookAtProcedural_Calc_UpdateBones,Production,False Positive,,2025-06-18,false,OVERRUN,119,Absent,Various,ATVI-CoD-trunk,Various
29628,Out-of-bounds read,High,06/18/25,Critical,Other,/code/src/game_iw9/game/ai/ai_civilian_reaction_manager.cpp,GetEventTypeByName,Production,Suspicious,,2025-06-18,false,OVERRUN,125,Absent,Various,ATVI-CoD-trunk,64
29629,Out-of-bounds read,High,06/18/25,Critical,Other,/code/src/gfx/r_pbg.cpp,GfxPBG_updateEffectsLegacyComboGrade,Production,False Positive,,2025-06-18,false,OVERRUN,125,Absent,Various,ATVI-CoD-trunk,4012
29630,Out-of-bounds access,High,06/18/25,Critical,Other,/code/src/gfx/r_universe.cpp,R_Universe_RepublishOrSeparateWorlds,Production,False Positive,,2025-06-18,false,OVERRUN,119,Absent,Various,ATVI-CoD-trunk,8560
29631,Out-of-bounds access,High,06/18/25,Critical,Other,/code/src/game_iw9/game_mp/g_scr_main_mp.cpp,GScr_KickPlayer,Production,Not Exploitable,,2025-06-18,false,OVERRUN,119,Absent,Various,ATVI-CoD-trunk,8804
29633,Out-of-bounds access,High,08/13/25,Critical,Other,/code/src/client/import_settings_internal.cpp,ImportSettings_RequestGenericCloudFiles,Production,Suspicious,,2025-08-13,false,OVERRUN,119,Absent,Various,ATVI-CoD-trunk,287
29634,Out-of-bounds access,High,08/13/25,Critical,Other,/code/src/game_iw9/bgame/bg_animset_util.cpp,PlayerAnimset_TouchWeapon,Production,Suspicious,,2025-08-13,false,OVERRUN,119,Absent,Various,ATVI-CoD-trunk,2763
29637,Out-of-bounds access,High,08/13/25,Critical,Other,/code/src/game_iw9/bgame/bg_animset_util.cpp,PlayerAnimset_WeaponHasStreamedAnimations,Production,Suspicious,,2025-08-13,false,OVERRUN,119,Absent,Various,ATVI-CoD-trunk,2875
29639,Copy into fixed size buffer,Low,08/13/25,Critical,Other,/code/external/triton/release-2025.2/private/source/simulation/Runtime/TritonRuntime/QueryDebugInfo.cpp,_PushMessage,Third Party/Open Source,Unclassified,,,false,STRING_OVERFLOW,120,Absent,Various,ATVI-CoD-trunk,45
29642,Out-of-bounds read,High,08/13/25,Critical,Other,/code/external/mimalloc-game/src/page.c,_mi_page_free,Third Party/Open Source,Unclassified,,,false,OVERRUN,125,Absent,Various,ATVI-CoD-trunk,398
29643,Out-of-bounds read,High,08/13/25,Critical,Other,/code/src/game_iw9/cgame_mp/cg_corpse_snapshot_mp.cpp,CG_LwCorpseManager_ConfirmReservations,Production,Suspicious,,2025-08-13,false,OVERRUN,125,Absent,Various,ATVI-CoD-trunk,757
29648,Out-of-bounds access,High,08/13/25,Critical,Other,/code/src/xanim/hyperpose/hyperpose_utils.cpp,XAnimHyperpose_HandleAnimatedMover,Production,False Positive,,2025-08-13,false,OVERRUN,119,Absent,Various,ATVI-CoD-trunk,1019
29649,Out-of-bounds access,High,08/13/25,Critical,Other,/code/src/game_iw9/cgame/cg_weapon_motion.cpp,GetViewModelAlignOffsetByWeaponMode,Production,False Positive,,2025-08-13,false,OVERRUN,119,Absent,Various,ATVI-CoD-trunk,1172
29651,Out-of-bounds access,High,08/13/25,Critical,Other,/code/src/game_iw9/bgame/bg_player_collision.cpp,PM_traceHandler,Production,Suspicious,,2025-08-13,false,OVERRUN,119,Absent,Various,ATVI-CoD-trunk,Various
29652,Out-of-bounds access,High,08/13/25,Critical,Other,/code/src/lui/LUI_Render.cpp,LUI_Render_SendCommandMarkCurrentRTTAsDirty,Production,Suspicious,,2025-08-13,false,OVERRUN,119,Absent,Various,ATVI-CoD-trunk,1637
29653,Out-of-bounds access,High,08/13/25,Critical,Other,/code/src/gfx/r_primarylights.cpp,R_IterateStreamedLights,Production,False Positive,,2025-08-13,false,OVERRUN,119,Absent,Various,ATVI-CoD-trunk,1530
29654,Out-of-bounds access,High,08/13/25,Critical,Other,/code/src/game_iw9/game_mp/g_scr_main_mp.cpp,GScr_MainMP_SetPlayerData,Production,Suspicious,,2025-08-13,false,OVERRUN,119,Absent,Various,ATVI-CoD-trunk,10005
29657,Out-of-bounds write,High,08/13/25,Critical,Other,/code/src/game_iw9/playerspawn/playerspawn_selection.cpp,PlayerSpawn_Selection_UpdateDistanceData,Production,Suspicious,,2025-08-13,false,OVERRUN,119,Absent,Various,ATVI-CoD-trunk,Various
29663,Out-of-bounds access,High,08/13/25,Critical,Other,/code/src/gfx/r_st_pdl.cpp,IterateTiles,Production,False Positive,,2025-08-13,false,OVERRUN,119,Absent,Various,ATVI-CoD-trunk,Various
29665,Out-of-bounds access,High,08/13/25,Critical,Other,/code/src/game_iw9/cgame/cg_event.cpp,CG_Event_PlaySkiCarveVFX,Production,False Positive,,2025-08-13,false,OVERRUN,119,Absent,Various,ATVI-CoD-trunk,4694
29666,Out-of-bounds read,High,08/13/25,Critical,Other,/code/external/mimalloc-game/src/page.c,mi_page_fresh_alloc,Third Party/Open Source,Unclassified,,,false,OVERRUN,125,Absent,Various,ATVI-CoD-trunk,327
29668,Out-of-bounds read,High,08/13/25,Critical,Other,/code/src/game_iw9/game/ai/bots/ai_bot_api.cpp,Bot_UpdateName,Production,Suspicious,,2025-08-13,false,OVERRUN,125,Absent,Various,ATVI-CoD-trunk,Various
29669,Out-of-bounds access,High,08/13/25,Critical,Other,/code/src/game_iw9/game/ai/bots/ai_bot_navigation.cpp,Bot_GetZonePathToGoal,Production,Suspicious,,2025-08-13,false,OVERRUN,119,Absent,Various,ATVI-CoD-trunk,1578
29672,Out-of-bounds write,High,08/13/25,Critical,Other,/code/src/game_iw9/playerspawn/playerspawn_frontline.cpp,PlayerSpawn_Frontline_UpdateData,Production,Suspicious,,2025-08-13,false,OVERRUN,119,Absent,Various,ATVI-CoD-trunk,236
29673,Out-of-bounds access,High,08/13/25,Critical,Other,/code/src/gfx/r_water.cpp,R_Water_Tile_SubmitBuckets,Production,Suspicious,,2025-08-13,false,OVERRUN,119,Absent,Various,ATVI-CoD-trunk,Various
29674,Out-of-bounds access,High,08/13/25,Critical,Other,/code/common/libs/gpucode/shaders/lib/feature/light_cshared.hlsl,AddShadowCacheIndex,Third Party/Open Source,Unclassified,,,false,OVERRUN,119,Absent,Various,ATVI-CoD-trunk,174
29675,Out-of-bounds read,High,08/13/25,Critical,Other,/code/src/game_shared/cgame/common_item/cg_common_item.cpp,CG_CommonItem_GetHUDOutline,Production,Suspicious,,2025-08-13,false,OVERRUN,125,Absent,Various,ATVI-CoD-trunk,Various
29677,Out-of-bounds access,High,08/13/25,Critical,Other,/code/src/game_shared/cgame_mp/vehicles/cg_vehicle_mp.cpp,CG_VehicleMP_UpdateVehicleTurretHeatFX,Production,False Positive,,2025-08-13,false,OVERRUN,119,Absent,Various,ATVI-CoD-trunk,383
29679,Out-of-bounds access,High,08/13/25,Critical,Other,/code/src/game_iw9/cgame/cg_grapple.cpp,CG_Grapple_GetClientPredictedMissileTagMatrix,Production,False Positive,,2025-08-13,false,OVERRUN,119,Absent,Various,ATVI-CoD-trunk,658
29680,Out-of-bounds access,High,08/13/25,Critical,Other,/code/src/game_shared/cgame/vehicles/cg_vehicle.cpp,CG_RefreshBoatTags,Production,False Positive,,2025-08-13,false,OVERRUN,119,Absent,Various,ATVI-CoD-trunk,2011
29681,Buffer not null terminated,High,08/13/25,Critical,Other,/code/src/game_iw9/bgame/bg_equipment_snd.cpp,BG_BuildSound_AliasId,Production,Suspicious,,2025-08-13,false,BUFFER_SIZE,170,Absent,Quality,ATVI-CoD-trunk,436
29683,Out-of-bounds write,High,08/13/25,Critical,Other,/code/src/gfx/r_universe.cpp,R_Universe_BeginAccessFrame,Production,Suspicious,,2025-08-13,false,OVERRUN,119,Absent,Various,ATVI-CoD-trunk,Various
29684,Out-of-bounds access,High,08/13/25,Critical,Other,/code/src/game_iw9/bgame/bg_animset_util.cpp,PlayerAnimset_GatherCollections,Production,Suspicious,,2025-08-13,false,OVERRUN,119,Absent,Various,ATVI-CoD-trunk,2817
29685,Out-of-bounds access,High,08/13/25,Critical,Other,/code/src/game_iw9/game_mp/g_scr_main_mp.cpp,GScr_MainMP_GetPlayerData,Production,Suspicious,,2025-08-13,false,OVERRUN,119,Absent,Various,ATVI-CoD-trunk,9979
29686,Out-of-bounds read,High,08/13/25,Critical,Other,/code/src/game_iw9/playerspawn/playerspawn_frontline.cpp,PlayerSpawn_Frontline_UpdateData,Production,Suspicious,,2025-08-13,false,OVERRUN,125,Absent,Various,ATVI-CoD-trunk,Various
29687,Out-of-bounds access,High,08/13/25,Critical,Other,/code/src/lui/LUI_CoD_Weapon.cpp,ClientWeapon_SetFrontendStreamStateVisibilityGateEnabled,Production,False Positive,,2025-08-13,false,OVERRUN,119,Absent,Various,ATVI-CoD-trunk,2066
29688,Out-of-bounds access,High,08/13/25,Critical,Other,/code/external/gtest/1.17.0/src/gmock.cc,InitGoogleMock,Third Party/Open Source,Unclassified,,,false,OVERRUN,119,Absent,Various,ATVI-CoD-trunk,222
29689,Buffer not null terminated,High,08/13/25,Critical,Other,/code/src/game_iw9/bgame/bg_equipment_snd.cpp,BG_BuildSound_AliasId,Production,Suspicious,,2025-08-13,false,BUFFER_SIZE,170,Absent,Quality,ATVI-CoD-trunk,451
29693,Out-of-bounds access,High,08/13/25,Critical,Other,/code/src/lui/LUI_CoD_Character.cpp,ClientCharacter_SetFrontendStreamStateVisibilityGateEnabled,Production,Not Exploitable,,2025-08-13,false,OVERRUN,119,Absent,Various,ATVI-CoD-trunk,493
29694,Out-of-bounds access,High,08/13/25,Critical,Other,/code/external/mimalloc-game/src/arena.c,mi_debug_show_chunks,Third Party/Open Source,Unclassified,,,false,OVERRUN,119,Absent,Various,ATVI-CoD-trunk,1466
29696,Out-of-bounds access,High,08/13/25,Critical,Other,/code/src/game_iw9/game/ai/ai_pool.h,Free,Production,Suspicious,,2025-08-13,false,OVERRUN,119,Absent,Various,ATVI-CoD-trunk,Various
29700,Use after free,High,08/13/25,Critical,Other,/vendor/visual_studio/17.14.36119.2/VC/Tools/MSVC/14.44.35207/include/memory,_Delete_this,Third Party/Open Source,Unclassified,,,false,USE_AFTER_FREE,416,Absent,Various,ATVI-CoD-trunk,1261
29703,Out-of-bounds access,High,08/19/25,Critical,Other,/code/src/lui/LUI_CoD_Functions.cpp,Engine_UnbindKey,Production,Not Exploitable,,2025-08-20,true_verified_corrected,OVERRUN,119,Absent,Various,ATVI-CoD-trunk,5054
29704,Out-of-bounds access,High,08/19/25,Critical,Other,/code/src/lui/LUI_CoD_Functions.cpp,Engine_IsKeyLinked,Production,Not Exploitable,,2025-08-20,true_verified_corrected,OVERRUN,119,Absent,Various,ATVI-CoD-trunk,5247
29705,Out-of-bounds access,High,08/19/25,Critical,Other,/code/src/lui/LUI_CoD_Functions.cpp,Engine_LinkKey,Production,Not Exploitable,,2025-08-20,true_verified_corrected,OVERRUN,119,Absent,Various,ATVI-CoD-trunk,5161
29706,Out-of-bounds access,High,08/19/25,Critical,Other,/code/src/lui/LUI_CoD_Functions.cpp,Engine_GetBoundKey,Production,Not Exploitable,,2025-08-20,true_verified_corrected,OVERRUN,119,Absent,Various,ATVI-CoD-trunk,5344
29708,Incorrect sizeof expression,Medium,08/19/25,Critical,Other,/code/src/qcommon/com_gsp_partition.cpp,GSPCore,Production,Not Exploitable,,2025-08-20,true_verified,BAD_SIZEOF,467,Absent,Various,ATVI-CoD-trunk,58
29709,Out-of-bounds access,High,08/19/25,Critical,Other,/code/src/lui/LUI_CoD_Functions.cpp,Engine_UnlinkKey,Production,Not Exploitable,,2025-08-20,true_verified_corrected,OVERRUN,119,Absent,Various,ATVI-CoD-trunk,5212
29710,Out-of-bounds access,High,08/19/25,Critical,Other,/code/src/lui/LUI_CoD_Functions.cpp,Engine_ResetKey,Production,Suspicious,,2025-08-20,true_verified,OVERRUN,119,Absent,Various,ATVI-CoD-trunk,5079
29711,Out-of-bounds access,High,08/19/25,Critical,Other,/code/src/gfx/r_material_pso_cache.cpp,Material_PSOCache_AnyWorldHasPSOsToBuild,Production,False Positive,,2025-08-20,true_verified,OVERRUN,119,Absent,Various,ATVI-CoD-trunk,1096
29713,Incorrect sizeof expression,Medium,08/19/25,Critical,Other,/code/src/qcommon/com_gsp_partition.cpp,ResetVariables,Production,Not Exploitable,,2025-08-20,true_verified,BAD_SIZEOF,467,Absent,Various,ATVI-CoD-trunk,186
29715,Incorrect sizeof expression,Medium,08/19/25,Critical,Other,/code/src/qcommon/com_gsp_partition.cpp,GSPSpatialPartition,Production,Not Exploitable,,2025-08-20,true_verified,BAD_SIZEOF,467,Absent,Various,ATVI-CoD-trunk,1109
29716,Out-of-bounds write,High,08/25/25,Critical,Other,/code/src/database/db_patchmem.cpp,RewindForAsset,Production,Suspicious,,2025-09-08,false,OVERRUN,119,Absent,Various,ATVI-CoD-trunk,Various
29717,Out-of-bounds access,High,09/03/25,Critical,Other,/code/src/game_iw9/bgame/asm/bg_player_asm_animation.cpp,BG_PlayerASM_AreAnimationsLoadedForCondition,Production,Suspicious,,2025-09-08,true_verified,OVERRUN,119,Absent,Various,ATVI-CoD-trunk,Various
29719,Out-of-bounds access,High,09/03/25,Critical,Other,/code/src/gfx/r_universe.cpp,R_Universe_MergeWorldTransientZones,Production,False Positive,,2025-09-08,true_verified,OVERRUN,119,Absent,Various,ATVI-CoD-trunk,4120
29720,Out-of-bounds read,High,09/03/25,Critical,Other,/code/src/game_iw9/bgame/asm/bg_player_asm_animation.cpp,BG_PlayerASM_AreAnimationsLoadedForCondition,Production,Suspicious,,2025-09-08,true_verified,OVERRUN,125,Absent,Various,ATVI-CoD-trunk,Various
29721,Out-of-bounds access,High,09/03/25,Critical,Other,/code/src/physics/Private/Core/CG_PhysicsCharacterProxy.cpp,CG_PhysicsCharacterProxy_SetAuthCollisionLimbBoneIdx,Production,False Positive,,2025-09-08,true_verified,OVERRUN,119,Absent,Various,ATVI-CoD-trunk,440
29723,Out-of-bounds access,High,09/03/25,Critical,Other,/code/src/gfx/r_universe.cpp,R_Universe_GlobalToWorldLocalScriptableProbeIndex,Production,False Positive,,2025-09-08,true_verified,OVERRUN,119,Absent,Various,ATVI-CoD-trunk,1088
29728,Out-of-bounds read,High,09/08/25,Critical,Other,/code/src/vfx/Particles/ParticleEmitter.cpp,DrawSetup_Volumetric,Production,Suspicious,,2025-09-08,true_verified,OVERRUN,125,Absent,Various,ATVI-CoD-trunk,8272
31099,Out-of-bounds access,High,10/21/25,Critical,Other,/code/src/game_iw9/cgame/cg_corpse_fade.cpp,CG_CorpseFade_CalcDetailDistance_Agent,Production,Not Exploitable,,2025-11-03,true,OVERRUN,119,Absent,Various,ATVI-CoD-trunk,555
31101,Out-of-bounds write,High,10/21/25,Critical,Other,/code/src/game_shared/game/vehicles/g_vehicle_script.cpp,G_VehicleScriptCmd_RequestFireWeapon,Production,Not Exploitable,,2025-11-03,false,OVERRUN,119,Absent,Various,ATVI-CoD-trunk,7484
31102,Out-of-bounds write,High,10/21/25,Critical,Other,/code/src/game_shared/game/vehicles/g_vehicle_script.cpp,G_VehicleScriptCmd_SetVehicleTurretMaxRange,Production,Not Exploitable,,2025-11-03,true,OVERRUN,119,Absent,Various,ATVI-CoD-trunk,5336
31103,Out-of-bounds read,High,10/21/25,Critical,Other,/code/src/game_shared/game/vehicles/g_vehicle_script.cpp,G_VehicleScriptCmd_GetVehicleTurretAvoidPlayersDistance,Production,Not Exploitable,,2025-11-03,,OVERRUN,125,Absent,Various,ATVI-CoD-trunk,5449
31104,Out-of-bounds read,High,10/21/25,Critical,Other,/code/src/game_shared/game/vehicles/g_vehicle_script.cpp,G_VehicleScriptCmd_GetTurretBurstRoundMax,Production,Not Exploitable,,2025-11-03,,OVERRUN,125,Absent,Various,ATVI-CoD-trunk,6895
31105,Out-of-bounds access,High,10/21/25,Critical,Other,/code/src/game_shared/game/vehicles/g_vehicle_script.cpp,G_VehicleScriptCmd_SetTurretLeftArc,Production,Not Exploitable,,2025-11-03,true,OVERRUN,119,Absent,Various,ATVI-CoD-trunk,6299
31107,Out-of-bounds access,High,10/21/25,Critical,Other,/code/src/game_shared/game/vehicles/g_vehicle_script.cpp,G_VehicleScriptCmd_GetTurretLeftArc,Production,Not Exploitable,,2025-11-03,true,OVERRUN,119,Absent,Various,ATVI-CoD-trunk,6417
31108,Out-of-bounds read,High,10/21/25,Critical,Other,/code/src/game_shared/game/vehicles/g_vehicle_script.cpp,G_VehicleScriptCmd_GetVehicleTurretLockOnDelay,Production,Not Exploitable,,2025-11-03,false,OVERRUN,125,Absent,Various,ATVI-CoD-trunk,5394
31109,Out-of-bounds write,High,10/21/25,Critical,Other,/code/src/game_shared/game/vehicles/g_vehicle_script.cpp,G_VehicleScriptCmd_EnableTurretScan,Production,Not Exploitable,,2025-11-03,true,OVERRUN,119,Absent,Various,ATVI-CoD-trunk,6650
31110,Out-of-bounds access,High,10/21/25,Critical,Other,/code/src/game_shared/game/vehicles/g_vehicle_script.cpp,G_VehicleScriptCmd_ReloadWeapon,Production,Not Exploitable,,2025-11-03,true,OVERRUN,119,Absent,Various,ATVI-CoD-trunk,7621
31111,Out-of-bounds access,High,10/21/25,Critical,Other,/code/src/game_iw9/game_mp/g_scr_main_mp.cpp,GScr_MainMP_CopyPlayerData,Production,Suspicious,,2025-11-03,true,OVERRUN,119,Absent,Various,ATVI-CoD-trunk,10031
31112,Out-of-bounds read,High,10/21/25,Critical,Other,/code/src/game_shared/game/vehicles/g_vehicle_script.cpp,G_VehicleScriptCmd_GetTurretScanPauseTime,Production,Not Exploitable,,2025-11-03,false,OVERRUN,125,Absent,Various,ATVI-CoD-trunk,6681
31113,Out-of-bounds read,High,10/21/25,Critical,Other,/code/src/game_shared/game/vehicles/g_vehicle_script.cpp,G_VehicleScriptCmd_GetTurretTargetLocalAngles,Production,Not Exploitable,,2025-11-03,,OVERRUN,125,Absent,Various,ATVI-CoD-trunk,Various
31114,Out-of-bounds read,High,10/21/25,Critical,Other,/code/src/game_shared/game/vehicles/g_vehicle_script.cpp,G_VehicleScriptCmd_IsTurretReady,Production,Not Exploitable,,2025-11-03,,OVERRUN,125,Absent,Various,ATVI-CoD-trunk,7813
31115,Out-of-bounds read,High,10/21/25,Critical,Other,/code/src/game_shared/game/vehicles/g_vehicle_script.cpp,G_VehicleScriptCmd_GetTurretWorldAngles,Production,Not Exploitable,,2025-11-03,false,OVERRUN,125,Absent,Various,ATVI-CoD-trunk,5947
31116,Untrusted loop bound,Medium,10/21/25,Critical,Other,/code/src/battlenet/battlenet_achievements_data.cpp,Achievements_LoadStates,Production,False Positive,,2025-11-03,true,TAINTED_SCALAR,606,Absent,Various,ATVI-CoD-trunk,218
31117,Out-of-bounds access,High,10/21/25,Critical,Other,/code/src/game_shared/game/vehicles/g_vehicle_script.cpp,G_VehicleScriptCmd_SetTurretRightArc,Production,Not Exploitable,,2025-11-03,true,OVERRUN,119,Absent,Various,ATVI-CoD-trunk,6329
31118,Out-of-bounds access,High,10/21/25,Critical,Other,/code/src/game_shared/game/vehicles/g_vehicle_script.cpp,G_VehicleScriptCmd_SetTurretTargetLocalAngles,Production,Not Exploitable,,2025-11-03,true,OVERRUN,119,Absent,Various,ATVI-CoD-trunk,5866
31119,Out-of-bounds read,High,10/21/25,Critical,Other,/code/src/game_shared/game/vehicles/g_vehicle_script.cpp,G_VehicleScriptCmd_GetTurretSuppressionTime,Production,Not Exploitable,,2025-11-03,,OVERRUN,125,Absent,Various,ATVI-CoD-trunk,5562
31120,Out-of-bounds read,High,10/21/25,Critical,Other,/code/src/game_shared/game/vehicles/g_vehicle_script.cpp,G_VehicleScriptCmd_GetTurretShotsFiredSinceReload,Production,Not Exploitable,,2025-11-03,,OVERRUN,125,Absent,Various,ATVI-CoD-trunk,6745
31121,Out-of-bounds access,High,10/21/25,Critical,Other,/code/src/game_shared/game/vehicles/g_vehicle_script.cpp,G_VehicleScriptCmd_GetTurretHeat,Production,Not Exploitable,,2025-11-03,true,OVERRUN,119,Absent,Various,ATVI-CoD-trunk,5164
31122,Out-of-bounds read,High,10/21/25,Critical,Other,/code/src/game_shared/game/vehicles/g_vehicle_script.cpp,G_VehicleScriptCmd_CanTurretTargetPoint,Production,Not Exploitable,,2025-11-03,false,OVERRUN,125,Absent,Various,ATVI-CoD-trunk,Various
31124,Out-of-bounds write,High,10/21/25,Critical,Other,/code/src/game_shared/game/vehicles/g_vehicle_script.cpp,G_VehicleScriptCmd_SetTurretTargetLocalAngles,Production,Not Exploitable,,2025-11-03,true,OVERRUN,119,Absent,Various,ATVI-CoD-trunk,Various
31125,Out-of-bounds access,High,10/21/25,Critical,Other,/code/src/physics/Private/Core/CG_PhysicsCharacterProxy.cpp,CG_PhysicsCharacterProxy_CreateAuthPhysicsCamera_Deferred,Production,Suspicious,,2025-11-03,true,OVERRUN,119,Absent,Various,ATVI-CoD-trunk,578
31126,Out-of-bounds access,High,10/21/25,Critical,Other,/code/src/vfx/Particles/ParticleModuleTest.cpp,Particle_HandleSuccessfulTest,Production,Not Exploitable,,2025-11-03,true,OVERRUN,119,Absent,Various,ATVI-CoD-trunk,402
31127,Out-of-bounds read,High,10/21/25,Critical,Other,/code/src/game_shared/game/vehicles/g_vehicle_script.cpp,G_VehicleScriptCmd_GetTurretScanningMode,Production,Not Exploitable,,2025-11-03,false,OVERRUN,125,Absent,Various,ATVI-CoD-trunk,5507
31128,Out-of-bounds read,High,10/21/25,Critical,Other,/code/src/game_shared/game/vehicles/g_vehicle_script.cpp,G_VehicleScriptCmd_GetTurretTargetVec,Production,Not Exploitable,,2025-11-03,,OVERRUN,125,Absent,Various,ATVI-CoD-trunk,Various
31129,Out-of-bounds read,High,10/21/25,Critical,Other,/code/src/game_shared/game/vehicles/g_vehicle_script.cpp,G_VehicleScriptCmd_GetTurretBurstPauseTimeMin,Production,Not Exploitable,,2025-11-03,,OVERRUN,125,Absent,Various,ATVI-CoD-trunk,6953
31130,Out-of-bounds write,High,10/21/25,Critical,Other,/code/src/game_shared/game/vehicles/g_vehicle_script.cpp,G_VehicleScriptCmd_SetTurretSuppressionTime,Production,Not Exploitable,,2025-11-03,true,OVERRUN,119,Absent,Various,ATVI-CoD-trunk,5591
31131,Out-of-bounds access,High,10/21/25,Critical,Other,/code/src/game_shared/game/vehicles/g_vehicle_script.cpp,G_VehicleScriptCmd_GetTurretBottomArc,Production,Not Exploitable,,2025-11-03,true,OVERRUN,119,Absent,Various,ATVI-CoD-trunk,6501
31132,Out-of-bounds write,High,10/21/25,Critical,Other,/code/src/game_shared/game/vehicles/g_vehicle_script.cpp,G_VehicleScriptCmd_SetTurretBurstRoundMin,Production,Not Exploitable,,2025-11-03,true,OVERRUN,119,Absent,Various,ATVI-CoD-trunk,6867
31133,Out-of-bounds write,High,10/21/25,Critical,Other,/code/src/game_shared/game/vehicles/g_vehicle_script.cpp,G_VehicleScriptCmd_SetVehicleTurretAvoidPlayersDistance,Production,Not Exploitable,,2025-11-03,true,OVERRUN,119,Absent,Various,ATVI-CoD-trunk,5478
31135,Out-of-bounds read,High,10/21/25,Critical,Other,/code/src/game_shared/game/vehicles/g_vehicle_script.cpp,G_VehicleScriptCmd_GetTurretBarrelOrigin,Production,Not Exploitable,,2025-11-03,,OVERRUN,125,Absent,Various,ATVI-CoD-trunk,6776
31136,Out-of-bounds access,High,10/21/25,Critical,Other,/code/src/gfx/r_universe.cpp,R_Universe_FixupSplinedModelsAndDecalsForMerge,Production,Not Exploitable,,2025-11-03,true,OVERRUN,119,Absent,Various,ATVI-CoD-trunk,5341
31137,Out-of-bounds read,High,10/21/25,Critical,Other,/code/src/game_shared/game/vehicles/g_vehicle_script.cpp,G_VehicleScriptCmd_GetTurretWeapon,Production,Not Exploitable,,2025-11-03,false,OVERRUN,125,Absent,Various,ATVI-CoD-trunk,5251
31138,Out-of-bounds access,High,10/21/25,Critical,Other,/code/src/game_shared/game/vehicles/g_vehicle_script.cpp,G_VehicleScriptCmd_SetTurretTopArc,Production,Not Exploitable,,2025-11-03,true,OVERRUN,119,Absent,Various,ATVI-CoD-trunk,6359
31139,Out-of-bounds access,High,10/21/25,Critical,Other,/code/src/game_shared/game/vehicles/g_vehicle_script.cpp,G_VehicleScriptCmd_GetTurretWorldAngles,Production,Not Exploitable,,2025-11-03,true,OVERRUN,119,Absent,Various,ATVI-CoD-trunk,5954
31140,Out-of-bounds read,High,10/21/25,Critical,Other,/code/src/game_shared/game/vehicles/g_vehicle_script.cpp,G_VehicleScriptCmd_IsTurretRotating,Production,Not Exploitable,,2025-11-03,,OVERRUN,125,Absent,Various,ATVI-CoD-trunk,5993
31141,Out-of-bounds read,High,10/21/25,Critical,Other,/code/src/game_shared/game/vehicles/g_vehicle_script.cpp,G_VehicleScriptCmd_CanTurretTargetPoint,Production,Not Exploitable,,2025-11-03,false,OVERRUN,125,Absent,Various,ATVI-CoD-trunk,6194
31142,Out-of-bounds access,High,10/21/25,Critical,Other,/code/src/game_iw9/game_mp/g_scr_main_mp.cpp,GScr_MainMP_InitPlayerArrayData,Production,Suspicious,,2025-11-03,true,OVERRUN,119,Absent,Various,ATVI-CoD-trunk,10105
31143,Out-of-bounds access,High,10/21/25,Critical,Other,/code/src/game_shared/game/vehicles/g_vehicle_script.cpp,G_VehicleScriptCmd_ClearTurretTarget,Production,Not Exploitable,,2025-11-03,true,OVERRUN,119,Absent,Various,ATVI-CoD-trunk,6018
31144,Out-of-bounds read,High,10/21/25,Critical,Other,/code/src/game_shared/game/vehicles/g_vehicle_script.cpp,G_VehicleScriptCmd_GetTurretWorldAngles,Production,Not Exploitable,,2025-11-03,,OVERRUN,125,Absent,Various,ATVI-CoD-trunk,Various
31145,Incorrect sizeof expression,Medium,10/21/25,Critical,Other,/code/src/qcommon/com_gsp_partition.cpp,CreatePartition,Production,Suspicious,,2025-11-03,true,BAD_SIZEOF,467,Absent,Various,ATVI-CoD-trunk,88
31146,Out-of-bounds read,High,10/21/25,Critical,Other,/code/src/game_shared/game/vehicles/g_vehicle_script.cpp,G_VehicleScriptCmd_SetTurretTargetLocalAngles,Production,Not Exploitable,,2025-11-03,false,OVERRUN,125,Absent,Various,ATVI-CoD-trunk,5871
31147,Out-of-bounds access,High,10/21/25,Critical,Other,/code/src/gfx/r_reactive_motion.cpp,R_ReactiveMotion_AllocateModelInfoInternal,Production,Not Exploitable,,2025-11-03,true,OVERRUN,119,Absent,Various,ATVI-CoD-trunk,2693
31148,Out-of-bounds read,High,10/21/25,Critical,Other,/code/src/game_shared/game/vehicles/g_vehicle_script.cpp,G_VehicleScriptCmd_GetTurretTargetLossPauseDuration,Production,Not Exploitable,,2025-11-03,false,OVERRUN,125,Absent,Various,ATVI-CoD-trunk,5536
31149,Out-of-bounds access,High,10/21/25,Critical,Other,/code/src/game_iw9/cgame/cg_event.cpp,GC_Event_PlaySkiBoltedVFX,Production,Not Exploitable,,2025-11-03,true,OVERRUN,119,Absent,Various,ATVI-CoD-trunk,4542
31150,Out-of-bounds access,High,10/21/25,Critical,Other,/code/src/game_iw9/cgame/cg_event.cpp,CG_Event_PlayOneshotVFX,Production,Not Exploitable,,2025-11-03,true,OVERRUN,119,Absent,Various,ATVI-CoD-trunk,4489
31152,Out-of-bounds write,High,10/21/25,Critical,Other,/code/src/game_shared/game/vehicles/g_vehicle_script.cpp,G_VehicleScriptCmd_SetTurretConvergenceTime,Production,Not Exploitable,,2025-11-03,true,OVERRUN,119,Absent,Various,ATVI-CoD-trunk,6559
31153,Out-of-bounds read,High,10/21/25,Critical,Other,/code/src/game_shared/game/vehicles/g_vehicle_script.cpp,G_VehicleScriptCmd_GetVehicleTurretMaxRange,Production,Not Exploitable,,2025-11-03,,OVERRUN,125,Absent,Various,ATVI-CoD-trunk,5307
31154,Out-of-bounds read,High,10/21/25,Critical,Other,/code/src/game_shared/game/vehicles/g_vehicle_script.cpp,G_VehicleScriptCmd_GetVehicleTurretAvoidPlayers,Production,Not Exploitable,,2025-11-03,false,OVERRUN,125,Absent,Various,ATVI-CoD-trunk,5423
31155,Out-of-bounds write,High,10/21/25,Critical,Other,/code/src/game_shared/game/vehicles/g_vehicle_script.cpp,G_VehicleScriptCmd_SetTurretBurstPauseTimeMax,Production,Not Exploitable,,2025-11-03,true,OVERRUN,119,Absent,Various,ATVI-CoD-trunk,7041
31156,Out-of-bounds access,High,10/21/25,Critical,Other,/code/src/game_shared/game/vehicles/g_vehicle_script.cpp,G_VehicleScriptCmd_SetTurretTargetEnt,Production,Not Exploitable,,2025-11-03,true,OVERRUN,119,Absent,Various,ATVI-CoD-trunk,Various
31157,Out-of-bounds access,High,10/21/25,Critical,Other,/code/src/game_shared/game/vehicles/g_vehicle_script.cpp,G_VehicleScriptCmd_GetTurretRightArc,Production,Not Exploitable,,2025-11-03,true,OVERRUN,119,Absent,Various,ATVI-CoD-trunk,6445
31158,Out-of-bounds access,High,10/21/25,Critical,Other,/code/src/game_iw9/bgame/bg_customization_mp.cpp,BG_Customization_AddCustomizationPackage_Simplified,Production,Suspicious,,2025-11-03,true,OVERRUN,119,Absent,Various,ATVI-CoD-trunk,562
31159,Out-of-bounds access,High,10/21/25,Critical,Other,/code/src/game_iw9/game_mp/g_scr_main_mp.cpp,GScr_MainMP_GetPlayerDataArraySize,Production,Suspicious,,2025-11-03,true,OVERRUN,119,Absent,Various,ATVI-CoD-trunk,10056
31161,Out-of-bounds access,High,10/21/25,Critical,Other,/code/src/game_shared/game/vehicles/g_vehicle_script.cpp,G_VehicleScriptCmd_SetTurretTargetVec,Production,Not Exploitable,,2025-11-03,true,OVERRUN,119,Absent,Various,ATVI-CoD-trunk,Various
31162,Out-of-bounds access,High,10/21/25,Critical,Other,/code/src/game_iw9/cgame_mp/cg_event_mp.cpp,HandleTurretFire,Production,Not Exploitable,,2025-11-03,true,OVERRUN,119,Absent,Various,ATVI-CoD-trunk,733
31163,Out-of-bounds access,High,10/21/25,Critical,Other,/code/src/game_iw9/bgame/bg_customization_mp.cpp,BG_Customization_AddSkinCustomizationPackage_Simplified,Production,Suspicious,,2025-11-03,true,OVERRUN,119,Absent,Various,ATVI-CoD-trunk,Various
31164,Out-of-bounds read,High,10/21/25,Critical,Other,/code/src/game_shared/game/vehicles/g_vehicle_script.cpp,G_VehicleScriptCmd_GetTurretBurstRoundMin,Production,Not Exploitable,,2025-11-03,,OVERRUN,125,Absent,Various,ATVI-CoD-trunk,6837
31165,Out-of-bounds write,High,10/21/25,Critical,Other,/code/src/game_shared/game/vehicles/g_vehicle_script.cpp,G_VehicleScriptCmd_SetTurretBurstRoundMax,Production,Not Exploitable,,2025-11-03,true,OVERRUN,119,Absent,Various,ATVI-CoD-trunk,6925
31166,Out-of-bounds read,High,10/21/25,Critical,Other,/code/src/game_shared/game/vehicles/g_vehicle_script.cpp,G_VehicleScriptCmd_GetVehicleTurretLockOnDuration,Production,Not Exploitable,,2025-11-03,false,OVERRUN,125,Absent,Various,ATVI-CoD-trunk,5365
31168,Out-of-bounds access,High,10/21/25,Critical,Other,/code/src/game_shared/game/vehicles/g_vehicle_script.cpp,G_VehicleScriptCmd_GetAmmoInClip,Production,Not Exploitable,,2025-11-03,true,OVERRUN,119,Absent,Various,ATVI-CoD-trunk,7573
31169,Out-of-bounds access,High,10/21/25,Critical,Other,/code/src/game_shared/game/vehicles/g_vehicle_script.cpp,G_VehicleScriptCmd_RequestFireWeapon,Production,Not Exploitable,,2025-11-03,true,OVERRUN,119,Absent,Various,ATVI-CoD-trunk,7462
31170,Out-of-bounds read,High,10/21/25,Critical,Other,/code/src/game_shared/game/vehicles/g_vehicle_script.cpp,G_VehicleScriptCmd_GetAmmoInClip,Production,Not Exploitable,,2025-11-03,false,OVERRUN,125,Absent,Various,ATVI-CoD-trunk,7596
31171,Out-of-bounds read,High,10/21/25,Critical,Other,/code/src/game_shared/game/vehicles/g_vehicle_script.cpp,G_VehicleScriptCmd_GetTurretConvergenceTime,Production,Not Exploitable,,2025-11-03,,OVERRUN,125,Absent,Various,ATVI-CoD-trunk,6529
31172,Out-of-bounds read,High,10/21/25,Critical,Other,/code/src/game_shared/game/vehicles/g_vehicle_script.cpp,G_VehicleScriptCmd_GetTurretBurstPauseTimeMax,Production,Not Exploitable,,2025-11-03,,OVERRUN,125,Absent,Various,ATVI-CoD-trunk,7011
31174,Out-of-bounds write,High,10/21/25,Critical,Other,/code/src/game_shared/game/vehicles/g_vehicle_script.cpp,G_VehicleScriptCmd_SetTurretBurstPauseTimeMin,Production,Not Exploitable,,2025-11-03,true,OVERRUN,119,Absent,Various,ATVI-CoD-trunk,6983
31175,Out-of-bounds read,High,10/21/25,Critical,Other,/code/src/game_shared/game/vehicles/g_vehicle_script.cpp,G_VehicleScriptCmd_GetTurretPointedAtTargetAngle,Production,Not Exploitable,,2025-11-03,false,OVERRUN,125,Absent,Various,ATVI-CoD-trunk,6809
31176,Out-of-bounds access,High,10/21/25,Critical,Other,/code/src/game_shared/game/vehicles/g_vehicle_script.cpp,G_VehicleScriptCmd_GetTurretTopArc,Production,Not Exploitable,,2025-11-03,true,OVERRUN,119,Absent,Various,ATVI-CoD-trunk,6473
31178,Out-of-bounds read,High,10/21/25,Critical,Other,/code/src/game_shared/game/vehicles/g_vehicle_script.cpp,G_VehicleScriptCmd_GetTurretTargetEnt,Production,Not Exploitable,,2025-11-03,,OVERRUN,125,Absent,Various,ATVI-CoD-trunk,Various
31179,Out-of-bounds access,High,10/21/25,Critical,Other,/code/src/game_shared/game/vehicles/g_vehicle_script.cpp,G_VehicleScriptCmd_SetTurretBottomArc,Production,Not Exploitable,,2025-11-03,true,OVERRUN,119,Absent,Various,ATVI-CoD-trunk,6389
31180,Out-of-bounds access,High,10/21/25,Critical,Other,/code/src/gfx/r_universe.cpp,R_Universe_AssignStagingToCurrentData,Production,Not Exploitable,,2025-11-03,true,OVERRUN,119,Absent,Various,ATVI-CoD-trunk,Various
31181,Out-of-bounds write,High,10/21/25,Critical,Other,/code/src/game_shared/game/vehicles/g_vehicle_script.cpp,G_VehicleScriptCmd_SetTurretScanSpeedScalar,Production,Not Exploitable,,2025-11-03,true,OVERRUN,119,Absent,Various,ATVI-CoD-trunk,6717
31196,Out-of-bounds access,High,11/02/25,Critical,Other,/code/src/stream/stream_update.cpp,Stream_UpdateStreamTree_BuildTransientVisibilityWanted,Production,Suspicious,xtra,2025-11-03,true,OVERRUN,119,Absent,Various,ATVI-CoD-trunk,Various
31197,Out-of-bounds access,High,11/02/25,Critical,Other,/code/src/client/cl_transients_visibility.cpp,CL_TransientsVisibility_FillVisibilityTargetBitArray,Production,Suspicious,xtra,2025-11-03,true,OVERRUN,119,Absent,Various,ATVI-CoD-trunk,102
31198,Out-of-bounds access,High,11/02/25,Critical,Other,/code/src/game_iw9/cgame/cg_gameobject_wrapper.cpp,CgGameObjectWrapperInterface_Entity,Production,Suspicious,xtra,2025-11-03,true,OVERRUN,119,Absent,Various,ATVI-CoD-trunk,18
31199,Out-of-bounds access,High,11/03/25,Critical,Other,/code/src/game_iw9/game/g_entity_marks.cpp,G_EntityMarks_GetMarkFlags,Production,Suspicious,"BO7,BO6,2",2025-11-17,true_verified,OVERRUN,119,Absent,Various,ATVI-CoD-trunk,Various
31200,Out-of-bounds read,High,11/03/25,Critical,Other,/code/src/game_iw9/bgame/bg_weapons_setup.cpp,BG_GetSurfacePenetrationDepth,Production,Suspicious,"BO7,BO6,2",2025-11-17,true_verified,OVERRUN,125,Absent,Various,ATVI-CoD-trunk,230
31201,Out-of-bounds access,High,11/03/25,Critical,Other,/code/src/lui/LUI_CustomElement_OnEntitySpawner.cpp,Layout,Production,Suspicious,"BO7,BO6,2",2025-11-17,true,OVERRUN,119,Absent,Various,ATVI-CoD-trunk,298
31202,Out-of-bounds read,High,11/03/25,Critical,Other,/code/src/game_iw9/game/g_entity_marks.cpp,G_EntityMarks_GetMarkFlags,Production,Suspicious,"BO7,BO6,2",2025-11-17,true,OVERRUN,125,Absent,Various,ATVI-CoD-trunk,135
31204,Out-of-bounds access,High,11/03/25,Critical,Other,/code/src/game_iw9/cgame/cg_physics_gravity.cpp,CG_PhysicsGravity_CacheOmnvars,Production,False Positive,"BO7,BO6,2",2025-11-17,true_verified,OVERRUN,119,Absent,Various,ATVI-CoD-trunk,Various
31205,Out-of-bounds read,High,11/03/25,Critical,Other,/code/src/game_iw9/game/g_entity_marks.cpp,G_EntityMarks_GetMarkFlags,Production,Suspicious,"BO7,BO6,2",2025-11-17,false,OVERRUN,125,Absent,Various,ATVI-CoD-trunk,155
31206,Illegal address computation,High,11/03/25,Critical,Other,/code/src/gfx/r_dxr_frontend.cpp,R_DXR_Visibility_GetVisibilityBounds,Production,Suspicious,"BO7,BO6,2",2025-11-17,true_verified,OVERRUN,119,Absent,Various,ATVI-CoD-trunk,Various
31207,Out-of-bounds read,High,11/03/25,Critical,Other,/code/src/game_iw9/bgame/bg_weapons_setup.cpp,BG_GetSurfacePenetrationDepth,Production,Suspicious,"BO7,BO6,2",2025-11-17,true_verified,OVERRUN,125,Absent,Various,ATVI-CoD-trunk,231
31208,Out-of-bounds write,High,11/03/25,Critical,Other,/code/src/game_shared/game/vehicles/g_vehicle_script.cpp,G_VehicleScriptCmd_SetTurretTargetEnt,Production,Not Exploitable,"BO7,BO6,2",2025-11-03,false,OVERRUN,119,Absent,Various,ATVI-CoD-trunk,Various
31209,Out-of-bounds write,High,11/03/25,Critical,Other,/code/src/effectscore/fx_shared.h,Particle_AddDeferredPhysicsDestroy,Production,Not Exploitable,"BO7,BO6,2",2025-11-17,false,OVERRUN,119,Absent,Various,ATVI-CoD-trunk,476
31211,Out-of-bounds read,High,11/03/25,Critical,Other,/code/src/game_iw9/bgame/bg_weapons_setup.cpp,BG_GetSurfacePenetrationDepth,Production,Suspicious,"BO7,BO6,2",2025-11-17,true_verified,OVERRUN,125,Absent,Various,ATVI-CoD-trunk,235
31212,Out-of-bounds access,High,11/03/25,Critical,Other,/code/src/game_iw9/game/g_scr_main.cpp,GScr_GetPlayerMarks,Production,Suspicious,"BO7,BO6,2",2025-11-17,false,OVERRUN,119,Absent,Various,ATVI-CoD-trunk,55676
31213,Out-of-bounds write,High,11/03/25,Critical,Other,/code/src/game_shared/game/vehicles/g_vehicle_script.cpp,G_VehicleScriptCmd_SetTurretTargetVec,Production,Not Exploitable,"BO7,BO6,2",2025-11-03,false,OVERRUN,119,Absent,Various,ATVI-CoD-trunk,Various
31214,Out-of-bounds read,High,11/03/25,Critical,Other,/code/src/game_iw9/bgame/bg_weapons_setup.cpp,BG_GetSurfacePenetrationDepth,Production,Suspicious,"BO7,BO6,2",2025-11-17,true_verified,OVERRUN,125,Absent,Various,ATVI-CoD-trunk,234
31239,Out-of-bounds access,High,11/12/25,Critical,Other,/code/external/luajit/2.1.0-beta3/src/lj_debug.c,lj_debug_getinfoext,Production,Not Exploitable,,2025-11-17,false,OVERRUN,119,Absent,Various,ATVI-CoD-trunk,556
31249,Out-of-bounds access,High,11/13/25,Critical,Other,/code/src/game_iw9/cgame/cg_snd_ents.cpp,FixupAndCheckSourceValid,Production,Suspicious,,2025-11-17,true_verified,OVERRUN,119,Absent,Various,ATVI-CoD-trunk,Various
31250,Out-of-bounds access,High,11/13/25,Critical,Other,/code/src/game_iw9/cgame/cg_snd_physics.cpp,SND_PerformOcclusionTrace,Production,Suspicious,,2025-11-17,true_verified,OVERRUN,119,Absent,Various,ATVI-CoD-trunk,Various
31251,Out-of-bounds write,High,11/13/25,Critical,Other,/code/src/client_mp/cl_parse_mp.cpp,CL_ParseMP_ParseScriptableConfig,Production,Suspicious,,2025-11-17,false,OVERRUN,119,Absent,Various,ATVI-CoD-trunk,4473
31252,Out-of-bounds access,High,11/13/25,Critical,Other,/code/src/game_iw9/cgame/cg_snd_ents.cpp,GetSoundEntityOrientation,Production,Suspicious,,2025-11-17,true_verified,OVERRUN,119,Absent,Various,ATVI-CoD-trunk,Various
31254,Destination buffer too small,High,11/13/25,Critical,Other,/code/src/crashreport/pc/crashreport_pc_buffer_overrun_support.cpp,TriggerBufferOverrunException,Test,Unclassified,,,false,BUFFER_SIZE,120,Absent,Various,ATVI-CoD-trunk,69
31261,Overlapping buffer in memory copy,Medium,11/19/25,Critical,Other,/code/external/opus/1.3.1/silk/decode_parameters.c,silk_decode_parameters,Third Party/Open Source,Unclassified,,,false,BUFFER_SIZE,758,Absent,Various,ATVI-CoD-trunk,75
31262,Out-of-bounds access,High,11/19/25,Critical,Other,/code/external/zstd-1.5.6/lib/dictBuilder/zdict.c,ZDICT_analyzeEntropy,Third Party/Open Source,Unclassified,,,false,OVERRUN,119,Absent,Various,ATVI-CoD-trunk,775
31264,Overlapping buffer in memory copy,Medium,11/19/25,Critical,Other,/code/src/game_iw9/game_mp/g_scr_main_mp.cpp,GScr_MainMP_CopyPlayerDataInternal,Production,Suspicious,,2026-01-12,true,BUFFER_SIZE,758,Absent,Various,ATVI-CoD-trunk,9909
31267,Overlapping buffer in memory copy,Medium,11/19/25,Critical,Other,/code/src/game_iw9/game/g_scr_main.cpp,GScr_Main_CopyDDL,Production,Not Exploitable,,2026-01-12,false,BUFFER_SIZE,758,Absent,Various,ATVI-CoD-trunk,1096
31272,Out-of-bounds access,High,11/19/25,Critical,Other,/code/src/game_iw9/bgame/bg_footstep.cpp,BG_Footstep_Init,Production,False Positive,,2026-01-12,true,OVERRUN,119,Absent,Various,ATVI-CoD-trunk,41
31277,Out-of-bounds read,High,11/19/25,Critical,Other,/code/src/game_shared/bgame/bg_vectorfield_cpu_sampler.cpp,BG_VectorField_CPU_Sampler_QueryRegion_Internal_ProcessCell,Production,False Positive,,2026-01-12,true,OVERRUN,125,Absent,Various,ATVI-CoD-trunk,Various
31284,Out-of-bounds read,High,11/26/25,Critical,Other,/code/src/game_shared/game/vehicles/g_vehicle_script.cpp,G_VehicleScriptCmd_GetBurstSettingsFromTurretShootStyle,Production,Not Exploitable,,2025-12-01,false,OVERRUN,125,Absent,Various,ATVI-CoD-trunk,7102
31285,Out-of-bounds write,High,11/26/25,Critical,Other,/code/src/game_iw9/bgame_mp/bg_calloutmarkerping_mp.cpp,LoadCalloutMarkerPingMetaData,Production,Suspicious,,2026-01-12,true,OVERRUN,119,Absent,Various,ATVI-CoD-trunk,154
31286,Out-of-bounds read,High,11/26/25,Critical,Other,/code/src/game_shared/game/vehicles/g_vehicle_script.cpp,G_VehicleScriptCmd_HasValidTurretShootStyle,Production,Not Exploitable,,2025-12-01,false,OVERRUN,125,Absent,Various,ATVI-CoD-trunk,7069
31287,Out-of-bounds access,High,11/26/25,Critical,Other,/code/src/game_shared/game/vehicles/g_vehicle_script.cpp,G_VehicleScriptCmd_GetBurstSettingsFromTurretShootStyle,Production,Not Exploitable,,2025-12-01,false,OVERRUN,119,Absent,Various,ATVI-CoD-trunk,7094
31288,Out-of-bounds access,High,12/03/25,Critical,Other,/code/src/game_iw9/game/ai/ai_behavior_tokens.cpp,AddGrenadeThrowToken,Production,Not Exploitable,,2026-01-12,false,OVERRUN,119,Absent,Various,ATVI-CoD-trunk,Various
31290,Out-of-bounds access,High,12/03/25,Critical,Other,/code/src/game_iw9/game/ai/ai_behavior_tokens.cpp,AI_BehaviorTokenShouldShoot,Production,Suspicious,,2026-01-12,true,OVERRUN,119,Absent,Various,ATVI-CoD-trunk,518
31291,Out-of-bounds access,High,12/03/25,Critical,Other,/code/src/game_iw9/game/ai/ai_behavior_token_manager_script.cpp,Scr_AIBehaviorToken_HasToken,Production,Not Exploitable,,2026-01-12,true,OVERRUN,119,Absent,Various,ATVI-CoD-trunk,98
31293,Out-of-bounds access,High,12/03/25,Critical,Other,/code/src/game_iw9/game/ai/ai_behavior_tokens.cpp,AddShootToken,Production,Suspicious,,2026-01-12,true,OVERRUN,119,Absent,Various,ATVI-CoD-trunk,Various
31294,Out-of-bounds access,High,12/03/25,Critical,Other,/code/src/game_iw9/game/ai/ai_behavior_tokens.cpp,HandleCooldownToken,Production,Suspicious,,2026-01-12,true,OVERRUN,119,Absent,Various,ATVI-CoD-trunk,Various
31295,Out-of-bounds access,High,12/03/25,Critical,Other,/code/src/game_iw9/game/ai/ai_behavior_token_manager_script.cpp,Scr_AIBehaviorToken_GetTokenID,Production,Not Exploitable,,2026-01-12,true,OVERRUN,119,Absent,Various,ATVI-CoD-trunk,150
31296,Out-of-bounds access,High,12/18/25,Critical,Other,/code/src/lui/LUI_CoD_Functions.cpp,Engine_GetMonthNameFromIndex,Production,Suspicious,,2026-01-12,true,OVERRUN,119,Absent,Various,ATVI-CoD-trunk,10100
31297,Out-of-bounds access,High,12/18/25,Critical,Other,/code/src/game_iw9/cgame/cg_antilag.cpp,EntityStateToAntiLagEntity,Production,Suspicious,,2026-01-12,true,OVERRUN,119,Absent,Various,ATVI-CoD-trunk,Various
31298,Out-of-bounds access,High,12/18/25,Critical,Other,/code/src/snd/snd_playback_group.cpp,SndPlaybackGroupCore,Production,Not Exploitable,,2026-01-12,false,OVERRUN,119,Absent,Various,ATVI-CoD-trunk,Various
31300,Out-of-bounds read,High,12/18/25,Critical,Other,/code/src/game_iw9/game_sp/actor_state.cpp,ThinkStateTransitions,Production,Not Exploitable,,2026-01-12,false,OVERRUN,125,Absent,Various,ATVI-CoD-trunk,317
31301,Out-of-bounds access,High,12/18/25,Critical,Other,/code/src/snd/snd_deferred_playback.cpp,SND_ProcessDeferredWeaponPlaybackEvent,Production,False Positive,,2026-01-12,true,OVERRUN,119,Absent,Various,ATVI-CoD-trunk,286
31303,Out-of-bounds access,High,12/18/25,Critical,Other,/code/src/snd/snd.cpp,SND_FindFreeVoice,Production,Not Exploitable,,2026-01-12,false,OVERRUN,119,Absent,Various,ATVI-CoD-trunk,4276
31304,Out-of-bounds access,High,12/18/25,Critical,Other,/code/src/game_iw9/cgame_mp/cg_snapshot_mp.cpp,CG_SnapshotMP_ResetEntity_Internal,Production,Not Exploitable,,2026-01-12,false,OVERRUN,119,Absent,Various,ATVI-CoD-trunk,Various
31307,Out-of-bounds access,High,12/18/25,Critical,Other,/code/src/automation/automation_system_ddl.cpp,TryGetDDLDataRef,Production,Suspicious,,2026-01-12,true,OVERRUN,119,Absent,Various,ATVI-CoD-trunk,Various
31308,Out-of-bounds access,High,12/18/25,Critical,Other,/code/src/gfx/r_marks.cpp,R_MarkFragments_GatherBoneInfo,Production,False Positive,,2026-01-12,true,OVERRUN,119,Absent,Various,ATVI-CoD-trunk,1008
31309,Out-of-bounds access,High,12/18/25,Critical,Other,/code/src/game_iw9/bgame/bg_player_collision.cpp,PM_ResolveCharacterCollision,Production,Not Exploitable,,2026-01-12,false,OVERRUN,119,Absent,Various,ATVI-CoD-trunk,Various
31310,Out-of-bounds access,High,12/18/25,Critical,Other,/code/src/snd/snd.cpp,SND_InterruptibleFireSound_GenerateHash,Production,False Positive,,2026-01-12,true,OVERRUN,119,Absent,Various,ATVI-CoD-trunk,283
31311,Out-of-bounds access,High,12/18/25,Critical,Other,/code/src/snd/snd.cpp,SND_InterruptibleFireSound_Reset,Production,False Positive,,2026-01-12,true,OVERRUN,119,Absent,Various,ATVI-CoD-trunk,295
31312,Out-of-bounds access,High,12/18/25,Critical,Other,/code/src/gfx/r_gpu_pipeline.cpp,R_GP_ProcessDynSurfs,Production,Not Exploitable,,2026-01-12,false,OVERRUN,119,Absent,Various,ATVI-CoD-trunk,3423
31313,Out-of-bounds access,High,12/18/25,Critical,Other,/code/src/snd/snd.cpp,SND_InterruptibleFireSound_GenerateHash,Production,False Positive,,2026-01-12,true,OVERRUN,119,Absent,Various,ATVI-CoD-trunk,279
31314,Out-of-bounds access,High,12/18/25,Critical,Other,/code/src/snd/snd.cpp,SND_InterruptibleFireSound_GenerateHash,Production,False Positive,,2026-01-12,true,OVERRUN,119,Absent,Various,ATVI-CoD-trunk,282
31315,Out-of-bounds access,High,12/18/25,Critical,Other,/code/src/game_iw9/cgame/cg_antilag.cpp,CgAntilag_AddGameplayRelevantMover,Production,Suspicious,,2026-01-12,true,OVERRUN,119,Absent,Various,ATVI-CoD-trunk,579
31316,Out-of-bounds access,High,12/18/25,Critical,Other,/code/src/game_iw9/bgame/bg_player_collision.cpp,PM_GetCharacterCollisionType,Production,Suspicious,,2026-01-12,true,OVERRUN,119,Absent,Various,ATVI-CoD-trunk,1465
31317,Out-of-bounds access,High,12/18/25,Critical,Other,/code/src/gfx/r_marks.cpp,R_MarkFragments_GatherBoneInfoForViewModelBlood,Production,False Positive,,2026-01-12,true,OVERRUN,119,Absent,Various,ATVI-CoD-trunk,Various
31318,Out-of-bounds access,High,12/18/25,Critical,Other,/code/src/game_iw9/bgame/bg_weapons.cpp,PM_Weapon_ProcessHand,Production,Suspicious,,2026-01-12,true,OVERRUN,119,Absent,Various,ATVI-CoD-trunk,30382
31321,Destination buffer too small,High,12/18/25,Critical,Other,/code/src/online/online_archive_replay_playback.cpp,ParseStringArg,Production,False Positive,,2026-01-12,true_verified_corrected,BUFFER_SIZE,120,Absent,Various,ATVI-CoD-trunk,4515
31322,Out-of-bounds access,High,12/18/25,Critical,Other,/code/src/snd/snd.cpp,SND_InterruptibleFireSound_GenerateHash,Production,False Positive,,2026-01-12,true,OVERRUN,119,Absent,Various,ATVI-CoD-trunk,281
31323,Out-of-bounds access,High,01/04/26,Critical,Other,/code/src/game_iw9/bgame/bg_context_mount_edges.cpp,PM_ContextMount_FindMountEdge_Initial,Production,False Positive,,2026-01-12,true,OVERRUN,119,Absent,Various,ATVI-CoD-trunk,3134
31340,Out-of-bounds access,High,01/13/26,Critical,Other,/code/src/game_iw9/bgame/bg_targetassist_internal.h,EvaluateTargetVisibilityInternal,Production,False Positive,,2026-01-13,true,OVERRUN,119,Absent,Various,ATVI-CoD-trunk,Various
31341,Out-of-bounds access,High,01/13/26,Critical,Other,/code/src/physics/Private/Core/G_PhysicsCharacterProxy.cpp,operator (),Production,Suspicious,,2026-01-13,true,OVERRUN,119,Absent,Various,ATVI-CoD-trunk,2702
31342,Out-of-bounds access,High,01/13/26,Critical,Other,/code/src/xanim/nodes/xanimnode_ik_shadow_wm.cpp,XAnimNode_IKShadowWM_Calc,Production,False Positive,,2026-01-13,true,OVERRUN,119,Absent,Various,ATVI-CoD-trunk,Various
31343,Out-of-bounds access,High,01/13/26,Critical,Other,/code/src/xanim/nodes/xanimnode_ik_shadow.cpp,XAnimNode_IKShadow_Calc,Production,False Positive,,2026-01-13,true,OVERRUN,119,Absent,Various,ATVI-CoD-trunk,Various
31344,Out-of-bounds write,High,01/13/26,Critical,Other,/code/src/game_iw9/cgame/cg_ballistic_detection.cpp,CG_BallisticDetection_AddTracer,Production,Suspicious,,2026-01-13,false,OVERRUN,119,Absent,Various,ATVI-CoD-trunk,89
31345,Out-of-bounds read,High,01/13/26,Critical,Other,/code/src/game_iw9/bgame/bg_lwagent_wander.cpp,Wander_IncrementAction,Production,False Positive,,2026-01-13,false,OVERRUN,125,Absent,Various,ATVI-CoD-trunk,537
31348,Out-of-bounds write,High,01/21/26,None,Other,/code/src/gfx/r_lightmap_atlas.cpp,AllocLightmap,Production,Not Exploitable,revisit,2025-03-03,false,OVERRUN,119,Absent,Various,ATVI-CoD-trunk,2533
31349,Out-of-bounds access,High,01/21/26,None,Other,/code/src/gfx/r_universe.cpp,R_Universe_SetVolumetricsCullOutDistance,Production,Not Exploitable,revisit,2025-03-03,false,OVERRUN,119,Absent,Various,ATVI-CoD-trunk,6812
31350,Out-of-bounds access,High,01/21/26,None,Other,/code/src/game_iw9/bgame/bg_player_collision.cpp,PM_playerTrace,Production,Not Exploitable,revisit,2025-03-03,false,OVERRUN,119,Absent,Various,ATVI-CoD-trunk,6767
31351,Out-of-bounds write,High,01/21/26,None,Other,/code/src/gfx/r_lightgrid_volumes_atlas.cpp,AllocLGVBlock,Production,Not Exploitable,revisit,2025-03-03,false,OVERRUN,119,Absent,Various,ATVI-CoD-trunk,2151
31352,Out-of-bounds read,High,01/21/26,None,Other,/code/src/gfx/r_nlg_atlas.cpp,AddLightGrid,Production,Not Exploitable,revisit,2025-03-03,false,OVERRUN,125,Absent,Various,ATVI-CoD-trunk,3393
31353,Out-of-bounds access,High,01/21/26,None,Other,/code/src/gfx/r_universe.cpp,R_Universe_MergeWorldLightGrids,Production,Not Exploitable,revisit,2025-03-03,false,OVERRUN,119,Absent,Various,ATVI-CoD-trunk,4649
31354,Out-of-bounds access,High,01/21/26,None,Other,/code/src/game_iw9/bgame/bg_player_collision.cpp,BG_Poise_PlayerCollisionDamage,Production,Not Exploitable,revisit,2025-03-03,false,OVERRUN,119,Absent,Various,ATVI-CoD-trunk,404
31355,Out-of-bounds access,High,01/21/26,None,Other,/code/src/gfx/r_universe.cpp,R_Universe_MergeWorldVolumetrics,Production,Not Exploitable,revisit,2025-03-03,false,OVERRUN,119,Absent,Various,ATVI-CoD-trunk,6785
31356,Out-of-bounds read,High,01/21/26,None,Other,/code/src/gfx/r_weather_grid_volumes.cpp,R_WGV_DObjGetBasePoseMatrix,Production,Not Exploitable,revisit,2025-03-03,false,OVERRUN,125,Absent,Various,ATVI-CoD-trunk,1522
31357,Out-of-bounds access,High,01/21/26,None,Other,/code/src/gfx/r_lightgrid_volumes_atlas.cpp,AddLGVBlock,Production,Not Exploitable,revisit,2025-03-03,false,OVERRUN,119,Absent,Various,ATVI-CoD-trunk,Various
31358,Out-of-bounds read,High,01/21/26,None,Other,/code/src/gfx/r_lightgrid_volumes_atlas.cpp,AddLGVBlock,Production,Not Exploitable,revisit,2025-03-03,false,OVERRUN,125,Absent,Various,ATVI-CoD-trunk,Various
31359,Out-of-bounds write,High,01/21/26,None,Other,/code/src/gfx/r_nlg_atlas.cpp,AddLightGrid,Production,Not Exploitable,revisit,2025-03-03,false,OVERRUN,119,Absent,Various,ATVI-CoD-trunk,3374
31360,Out-of-bounds access,High,02/03/26,None,Other,/code/src/gfx/taskgraph/tasks/r_tgt_shallow_water_dynamics.h,R_TGS_ShallowWater,Production,Not Exploitable,revisit,2025-03-03,false,OVERRUN,119,Absent,Various,ATVI-CoD-trunk,571
31361,Buffer not null terminated,High,02/03/26,None,Other,/code/src/online/online_archive_replay_playback.cpp,Online_ArchiveReplayPlayback_Setup,Production,Not Exploitable,revisit,2025-03-03,false,BUFFER_SIZE,170,Absent,Quality,ATVI-CoD-trunk,1419
31362,Out-of-bounds access,High,02/03/26,None,Other,/code/src/game_shared/cgame/ClientModel/CG_ClientModel_Stem.cpp,CG_ClientModelStem_UpdateClientModel,Production,Not Exploitable,revisit,2025-03-03,false,OVERRUN,119,Absent,Various,ATVI-CoD-trunk,1074
31363,Out-of-bounds access,High,02/03/26,None,Other,/code/src/game_iw9/game_sp/g_combat_sp.cpp,G_CombatSP_Damage_Internal,Production,Not Exploitable,revisit,2025-03-03,false,OVERRUN,119,Absent,Various,ATVI-CoD-trunk,1326
31378,Out-of-bounds access,High,02/11/26,None,Other,/code/src/game_shared/cgame/ragdoll/cg_ragdoll_impaleconstraint.cpp,CG_Ragdoll_ImpaleConstraint_BreakableConstraintHandler,Production,Not Exploitable,revisit,2025-03-03,false,OVERRUN,119,Absent,Various,ATVI-CoD-trunk,Various
31379,Illegal address computation,High,02/11/26,None,Other,/code/src/game_iw9/game/ai/ai_behavior_sequencer.cpp,ProcessTokenTransfersForTransitionRecursive,Production,Not Exploitable,revisit,2025-03-03,false,OVERRUN,119,Absent,Various,ATVI-CoD-trunk,3549
31380,Out-of-bounds access,High,02/11/26,None,Other,/code/src/game_iw9/playerspawn/g_scr_playerspawn.cpp,GScr_PlayerSpawn_GetBestSpawnpoint,Production,Not Exploitable,revisit,2025-03-03,false,OVERRUN,119,Absent,Various,ATVI-CoD-trunk,1376
31381,Out-of-bounds access,High,02/11/26,None,Other,/code/src/game_iw9/game/ai/tactical_graph.cpp,TacGraph_Unclaim,Production,Not Exploitable,revisit,2025-03-03,false,OVERRUN,119,Absent,Various,ATVI-CoD-trunk,2490
31382,Out-of-bounds read,High,02/11/26,None,Other,/code/src/script/scr_context.h,ScrContext_GetNextContext,Production,Not Exploitable,revisit,2025-03-03,false,OVERRUN,125,Absent,Various,ATVI-CoD-trunk,344
31384,Out-of-bounds access,High,02/11/26,None,Other,/code/src/game_shared/cgame/ragdoll/cg_ragdoll_impaleconstraint.cpp,CG_Ragdoll_ImpaleConstraint_CalculateInitialConstraintTransform,Production,Not Exploitable,revisit,2025-03-03,false,OVERRUN,119,Absent,Various,ATVI-CoD-trunk,428
31385,Out-of-bounds access,High,02/18/26,None,Other,/code/external/FreeType/freetype-2.14.1/src/base/ftstroke.c,ft_stroke_border_moveto,Unknown,Unclassified,,,false,OVERRUN,119,Absent,Various,ATVI-CoD-trunk,605
31386,Out-of-bounds access,High,02/18/26,None,Other,/code/src/game_iw9/game/ai/ai_squad_manager.cpp,UpdateUnjoins,Production,Not Exploitable,revisit,2025-03-03,false,OVERRUN,119,Absent,Various,ATVI-CoD-trunk,Various
31387,Out-of-bounds access,High,02/18/26,None,Other,/code/src/online/private_match.cpp,MarkTeamNameFiltered,Production,Not Exploitable,revisit,2025-03-03,false,OVERRUN,119,Absent,Various,ATVI-CoD-trunk,922
31388,Out-of-bounds access,High,02/18/26,None,Other,/code/external/FreeType/freetype-2.14.1/src/base/ftstroke.c,ft_stroke_border_moveto,Unknown,Unclassified,,,false,OVERRUN,119,Absent,Various,ATVI-CoD-trunk,605
31389,Out-of-bounds access,High,02/18/26,None,Other,/code/src/gfx/r_world_aabb_tree.cpp,R_AddAabbTreeSurfacesInFrustum,Production,Not Exploitable,revisit,2025-03-03,false,OVERRUN,119,Absent,Various,ATVI-CoD-trunk,698
31390,Out-of-bounds read,High,02/18/26,None,Other,/code/external/FreeType/freetype-2.14.1/src/autofit/afglobal.c,af_face_globals_compute_style_coverage,Unknown,Unclassified,,,false,OVERRUN,125,Absent,Various,ATVI-CoD-trunk,254
31391,Out-of-bounds access,High,02/18/26,None,Other,/code/src/gfx/r_dpvs_static.cpp,R_Dpvs_QueueStaticVisibilityCmdsForSceneView,Production,Not Exploitable,revisit,2025-03-03,false,OVERRUN,119,Absent,Various,ATVI-CoD-trunk,292
31392,Out-of-bounds access,High,02/18/26,None,Other,/code/src/gfx/r_universe.cpp,R_Universe_FixupWorldDpvsDataForSeparate,Production,Not Exploitable,revisit,2025-03-03,false,OVERRUN,119,Absent,Various,ATVI-CoD-trunk,6105
31394,Out-of-bounds access,High,02/18/26,None,Other,/code/src/gfx/r_universe.cpp,R_Universe_FixupWorldDpvsDataForMerge,Production,Not Exploitable,revisit,2025-03-03,false,OVERRUN,119,Absent,Various,ATVI-CoD-trunk,Various
31412,Out-of-bounds read,High,02/25/26,None,Other,/code/common/libs/MathCore/MathCore/math_spline.cpp,GetEndPoint,Production,Not Exploitable,revisit,2025-03-03,false,OVERRUN,125,Absent,Various,ATVI-CoD-trunk,319
31420,Out-of-bounds access,High,02/25/26,None,Other,/code/src/game_iw9/game/ai/ai_behavior_tokens.cpp,AI_BehaviorTokenShouldThrowGrenade,Production,Not Exploitable,revisit,2025-03-03,false,OVERRUN,119,Absent,Various,ATVI-CoD-trunk,869
31421,Out-of-bounds access,High,03/04/26,None,Other,/code/src/effectscore/fx_dismemberment.cpp,Dismemberment_FindDismembermentBoneTag,Unknown,Unclassified,,,false,OVERRUN,119,Absent,Various,ATVI-CoD-trunk,415
31422,Out-of-bounds write,High,03/04/26,None,Other,/code/src/database/db_find.cpp,DB_AssetQuery_Push,Unknown,Unclassified,,,false,OVERRUN,119,Absent,Various,ATVI-CoD-trunk,1987
31423,Out-of-bounds access,High,03/04/26,None,Other,/code/src/effectscore/fx_dismemberment.cpp,Dismemberment_FindDismembermentBoneTag,Unknown,Unclassified,,,false,OVERRUN,119,Absent,Various,ATVI-CoD-trunk,422
31424,Out-of-bounds access,High,03/04/26,None,Other,/code/src/snd/snd.cpp,SND_FinishPASpeakersPrePostUpdate,Unknown,Unclassified,,,false,OVERRUN,119,Absent,Various,ATVI-CoD-trunk,920
31425,Out-of-bounds read,High,03/04/26,None,Other,/code/src/database/db_find.cpp,DB_AssetQuery_HandleComError,Unknown,Unclassified,,,false,OVERRUN,125,Absent,Various,ATVI-CoD-trunk,2046
31426,Out-of-bounds write,High,03/04/26,None,Other,/code/src/database/db_find.cpp,DB_AssetQuery_Pop,Unknown,Unclassified,,,false,OVERRUN,119,Absent,Various,ATVI-CoD-trunk,2000
31427,Double free,High,03/04/26,None,Other,/code/src/online/online_ccs_download.cpp,OnlineCCSDownload_CopyExternalFileInternal,Unknown,Unclassified,,,false,USE_AFTER_FREE,415,Absent,Various,ATVI-CoD-trunk,128
31428,Out-of-bounds write,High,03/04/26,None,Other,/code/src/database/db_find.cpp,DB_AssetQuery_Push,Unknown,Unclassified,,,false,OVERRUN,119,Absent,Various,ATVI-CoD-trunk,Various
31429,Out-of-bounds access,High,03/04/26,None,Other,/code/src/game_iw9/game/ai/ai_behavior_tokens.cpp,IsTokenRequiredForAction,Unknown,Unclassified,,,false,OVERRUN,119,Absent,Various,ATVI-CoD-trunk,163
